x,y,d,z_bed,depth_bt,depth_m,u_avg,v_avg,u_surf,v_surf,tnum,x_m,y_m,tnum_m,time_m,model_u,model_u_surf,model_v,model_v_surf,model_vor,model_vor_surf,model_z_bed,model_z_eta
647166.4218955546,4185828.310807992,0.0,1.26,1.26,1.21,0.053357142372988164,-0.008857142512819605,0.019999999552965164,-0.0430000014603138,1522958782.5,647166.6773269704,4185828.528698994,1522958782.5,2018-04-05 20:06:22.500,0.0,0.0,0.0,0.0,0.0,0.0,-1.2864302280864512,-0.585144954576714
647166.9327583861,4185828.7465899964,0.6714810393708638,1.4666666666666666,1.4666666666666666,1.4166666666666667,0.049984848711197474,0.0680353534878279,0.07499999925494194,0.048000002590318516,1522958782.5,647167.188189802,4185828.9644809966,1522958782.5,2018-04-05 20:06:22.500,0.0,0.0,0.0,0.0,0.0,0.0,-1.6511440537966386,-0.6968739516845635
647167.4436212177,4185829.182371997,1.3429620786531586,1.4666666666666666,1.4666666666666666,1.4166666666666667,0.049984848711197474,0.0680353534878279,0.07499999925494194,0.048000002590318516,1522958782.5,647167.6990526335,4185829.4002629984,1522958782.5,2018-04-05 20:06:22.500,0.0,0.0,0.0,0.0,0.0,0.0,-2.015857879250759,-0.8086029487139675
647167.9544840493,4185829.618154,2.0144431180240225,1.5499999999999998,1.5499999999999998,1.4725,0.036792857114258885,0.03306428556208543,0.03500000014901161,0.08766666892915964,1522958782.5,647168.2099154652,4185829.8360450007,1522958782.5,2018-04-05 20:06:22.500,0.0,0.0,0.0,0.0,0.0,0.0,-2.3805717049266137,-0.9203319458112993
647168.4653468811,4185830.053936002,2.685924157697094,1.596,1.596,1.5499999999999998,0.018352380875010225,0.013493809314622063,0.02050000010058284,0.04300000215880573,1522958782.5,647168.7207782969,4185830.2718270035,1522958782.5,2018-04-05 20:06:22.500,0.0,0.0,0.0,0.0,0.0007577706548611556,0.0013268556337440206,-2.7452855306992685,-1.0320609429382854
647168.9762097128,4185830.489718005,3.357405197245096,1.8483333333333332,1.8483333333333332,1.6783333333333337,0.01657814210798603,0.1583849725677998,0.02879999950528145,0.11160000211093576,1522958782.5,647169.2316411285,4185830.707609006,1522958782.5,2018-04-05 20:06:22.500,0.0,0.0,0.0,0.0,0.012113557256679286,0.021210826240890362,-2.9235903643404315,-1.1294254236911556
647169.4870725443,4185830.925500007,4.02888623661596,2.165,2.165,2.05,-0.06812096788449054,0.14840416710915166,0.04199999943375588,0.05400000073132105,1522958782.5,647169.7425039602,4185831.1433910076,1522958782.5,2018-04-05 20:06:22.500,0.0,0.0,0.0,0.0,0.029605975052260307,0.054409310789360205,-3.079751603226844,-1.225083538040269
647169.997935376,4185831.3612820087,4.700367275986823,2.8516666666666666,2.8516666666666666,2.85,-0.14415072938946444,0.12939912257859038,0.008999999612569809,0.008000000379979609,1522958782.5,647170.2533667918,4185831.57917301,1522958782.5,2018-04-05 20:06:22.500,-0.011381662580781791,-0.024694543352658797,0.01642131547765469,0.02875370643510377,0.04883249110403518,0.09137023023920561,-3.234427697821998,-1.2864218295222059
647170.5087982075,4185831.7970640105,5.37184831496691,3.1733333333333333,3.1733333333333333,3.2416666666666667,-0.13558229154580098,0.1627528266946598,0.04899999864088992,0.1023333373789986,1522958782.5,647170.7642296233,4185832.014955012,1522958782.5,2018-04-05 20:06:22.500,-0.04286458039064963,-0.09300233873896102,0.06184446186277638,0.10828958882490305,0.09177521942573535,0.18104416620528307,-3.3864808654482297,-1.2871475773237946
647171.019661039,4185832.2328460137,6.043329354462843,3.395,3.395,3.36,-0.1818627781397018,0.18751027773768256,0.06549999862909317,0.13550000684335828,1522958782.5,647171.2750924547,4185832.4507370144,1522958782.5,2018-04-05 20:06:22.500,-0.07434749820051749,-0.16131013412526327,0.10726760824789809,0.1878254712147024,0.09885799305058748,0.19329242577260133,-3.538534033074461,-1.2878733251253833
647171.5305238705,4185832.668628015,6.7148103935315,3.325,3.325,3.1766666666666667,-0.2630439000741937,0.19837991072438765,-0.3049999997019768,0.09149999916553496,1522958782.5,647171.7859552862,4185832.886519016,1522958782.5,2018-04-05 20:06:22.500,-0.10583041599998999,-0.22961792948901097,0.15269075461802153,0.2673613535782397,0.0980420796810417,0.19152344547475703,-3.6905872005728986,-1.288599072926171
647172.041386702,4185833.1044100174,7.3862914327252245,3.3683333333333327,3.3683333333333327,3.2566666666666664,-0.2681301392234228,0.2368983320524503,-0.2685000002384186,0.20399999991059306,1522958782.5,647172.2968181176,4185833.322301019,1522958782.5,2018-04-05 20:06:22.500,-0.13731333381529578,-0.2979257248871118,0.19811390101098902,0.346897235981777,0.09237191365124772,0.17856884236403814,-3.8426403683195267,-1.2893248207285666
647172.5522495332,4185833.54019202,8.057772472007521,3.341666666666667,3.341666666666667,3.306666666666666,-0.2622409724104929,0.23125138863558994,-0.30150000751018524,0.17500000074505806,1522958782.5,647172.8076809491,4185833.7580830217,1522958782.5,2018-04-05 20:06:22.500,-0.16879625163555903,-0.3662335202959687,0.24353704741110904,0.4264331183978384,0.08645678252998201,0.16449372758882436,-3.994693536073552,-1.290050568530957
647173.063112365,4185833.9759740233,8.729253511592022,3.26,3.26,3.1650000000000005,-0.3335096726548813,0.23369047638871496,-0.4635000079870224,0.17799999937415126,1522958782.5,647173.3185437808,4185834.1938650245,1522958782.5,2018-04-05 20:06:22.500,-0.20027916946573707,-0.43454131572633753,0.28896019382553406,0.5059690008389477,0.08054165140755826,0.15041861280815352,-4.14674670384237,-1.2907763163333361
647173.5739751966,4185834.411756025,9.400734551051457,3.2550000000000003,3.2550000000000003,3.1833333333333336,-0.3301019328092004,0.2518824402608777,-0.4635000079870224,0.17799999937415126,1522958782.5,647173.8294066123,4185834.629647027,1522958782.5,2018-04-05 20:06:22.500,-0.23176208727560493,-0.5028491111126397,0.33438334021065574,0.585504883228747,0.0495193532389864,0.08728743674566147,-4.298799871468602,-1.2915020641349249
647174.0848380282,4185834.847538028,10.0722155908131,3.158333333333333,3.158333333333333,3.06,-0.42056045745761206,0.31765359501336143,-0.5534999966621399,0.27550000697374344,1522958782.5,647174.340269444,4185835.0654290295,1522958782.5,2018-04-05 20:06:22.500,-0.2623495731713898,-0.5671778013667363,0.3786436712939792,0.6597218521290247,0.04767225355886721,0.07043572767099447,-4.472110929013431,-1.2922367777631951
647174.59570086,4185835.283320031,10.7436966303611,3.1283333333333334,3.1283333333333334,3.0666666666666664,-0.4092843128258689,0.3101225498260239,-0.4379999935626984,0.28850000351667404,1522958782.5,647174.851132276,4185835.5012110313,1522958782.5,2018-04-05 20:06:22.500,-0.2897161990205105,-0.6165730816731332,0.4166191612442217,0.711977496714151,0.04583428548298807,0.05362459748456544,-4.687163,-1.2929862781118333
647175.1065636919,4185835.719102032,11.415177669518327,3.12,3.12,3.098333333333333,-0.4433643810110154,0.3636437908935004,-0.5,0.3790000081062317,1522958782.5,647175.3619951075,4185835.9369930327,1522958782.5,2018-04-05 20:06:22.500,-0.31329373968925794,-0.6436791510135877,0.43120858627651937,0.7168740290647531,0.043996317408886015,0.03681346731541521,-4.687163,-1.2936203227081735
647175.6174265231,4185836.154884034,12.08665870901426,3.135,3.135,3.1166666666666667,-0.4472712429325568,0.33361928211220737,-0.5440000295639038,0.6190000176429749,1522958782.5,647175.872857939,4185836.3727750354,1522958782.5,2018-04-05 20:06:22.500,-0.3368712803851639,-0.6707852203952469,0.4457980113195822,0.7217705614311879,0.04224661632332541,0.020521565756826288,-4.687163,-1.2942543673067175
647176.128289355,4185836.590666037,12.758139748473694,3.115,3.115,3.1050000000000004,-0.451950000226498,0.3062833337734142,-0.4799999992052714,0.3045000011722247,1522958782.5,647176.3837207707,4185836.808557038,1522958782.5,2018-04-05 20:06:22.500,-0.3604488210879543,-0.697891289783402,0.4603874363677638,0.7266670937976035,0.042176267511397345,0.021021564676041632,-4.687163,-1.2948884119052373
647176.6391521866,4185837.026448039,13.429620787542348,3.161666666666666,3.161666666666666,3.151666666666667,-0.4727499994138876,0.37371666568021,-0.4748333394527435,0.3893333276112874,1522958782.5,647176.8945836022,4185837.2443390405,1522958782.5,2018-04-05 20:06:22.500,-0.3840263617748074,-0.7249973591513261,0.47497686140723827,0.7315636261587608,0.04213873948274831,0.02203307745622643,-4.687163,-1.2955224565030465
647177.150015018,4185837.462230042,14.101101827038278,3.2099999999999995,3.2099999999999995,3.2116666666666664,-0.4746212126179177,0.3492575750658005,-0.4599999984105428,0.4145000030597051,1522958782.5,647177.4054464337,4185837.6801210437,1522958782.5,2018-04-05 20:06:22.500,-0.40760390247976613,-0.7521034285467203,0.48956628645388944,0.7364601585304733,0.04210121145444348,0.02304459022713215,-4.687163,-1.2961565011023248
647177.6608778496,4185837.898012045,14.772582866711357,3.2099999999999995,3.2099999999999995,3.1950000000000003,-0.500348484877384,0.3471212113897007,-0.4964999953905742,0.3871666689713796,1522958782.5,647177.9163092654,4185838.115903046,1522958782.5,2018-04-05 20:06:22.500,-0.4311814431735037,-0.7792094979211404,0.5041557114984827,0.7413566908916114,0.040062968161792833,0.02366150786764537,-4.687163,-1.2967905457001099
647178.1717406814,4185838.3337940476,15.444063906259355,3.225,3.225,3.22,-0.4826181825814826,0.37548788116511067,-0.6381666610638299,0.4511666744947434,1522958782.5,647178.4271720971,4185838.5516850483,1522958782.5,2018-04-05 20:06:22.500,-0.4547589838672414,-0.8063155672955604,0.518745136543076,0.7462532232527493,0.03776791971513033,0.024227776588709588,-4.687163,-1.2974245902978951
647178.682603513,4185838.769576049,16.115544945328008,3.2766666666666677,3.2766666666666677,3.2566666666666677,-0.5259242410009564,0.38760606154347904,-0.61749999721845,0.4315000027418137,1522958782.5,647178.9380349288,4185838.9874670496,1522958782.5,2018-04-05 20:06:22.500,-0.47833652453943115,-0.8334216366392627,0.5333345615779329,0.7511497556033419,0.035472871267870354,0.024794045317774127,-4.687163,-1.2980586348942231
647179.1934663445,4185839.2053580508,16.787025984610306,3.2750000000000004,3.2750000000000004,3.268333333333333,-0.5456515135187098,0.3839393946709057,-0.5698333332935969,0.39099999765555066,1522958782.5,647179.4488977602,4185839.423249052,1522958782.5,2018-04-05 20:06:22.500,-0.5019140652262842,-0.8605277060071872,0.5479239866174073,0.7560462879644991,0.032472621666885665,0.02476643527108363,-4.687163,-1.2986926794920324
647179.704329176,4185839.6411400526,17.45850702380403,3.268333333333333,3.268333333333333,3.276666666666667,-0.5635151506373378,0.37592424339417296,-0.5275000085433325,0.50266665716966,1522958782.5,647179.9597605916,4185839.8590310537,1522958782.5,2018-04-05 20:06:22.500,-0.5242904048677357,-0.8864354637829146,0.5604098885738827,0.7605279486980157,0.02890151080560345,0.024397628499776697,-4.68059799377248,-1.2992889702292232
647180.2151920074,4185840.076922055,18.12998806308633,3.2550000000000003,3.2550000000000003,3.26,-0.5893684230004146,0.3862514605647641,-0.7929999828338623,0.3899999856948853,1522958782.5,647180.4706234231,4185840.2948130565,1522958782.5,2018-04-05 20:06:22.500,-0.542711385342091,-0.9083973769138742,0.5659692319519654,0.763643504819533,0.023117209152330023,0.021529431137558924,-4.652415492226386,-1.2997609436616442
647180.726054839,4185840.512704058,18.80146910245719,3.23,3.23,3.2216666666666662,-0.6041576049655503,0.3937222209895215,-0.7929999828338623,0.3899999856948853,1522958782.5,647180.9814862548,4185840.7305950588,1522958782.5,2018-04-05 20:06:22.500,-0.5574569157074564,-0.9233042870767518,0.5683365745930473,0.7639952247973557,0.013681672349183743,0.014145413548072833,-4.639250779706002,-1.3000503838302857
647181.2369176707,4185840.94848606,19.47295014182805,3.2366666666666664,3.2366666666666664,3.235,-0.5901719315968772,0.4214561397699935,-0.6169999837875366,0.3650000095367432,1522958782.5,647181.4923490863,4185841.166377061,1522958782.5,2018-04-05 20:06:22.500,-0.5640630195670532,-0.9225876201423066,0.5636351080753136,0.75822632268362,0.005296483265208485,0.00777342992548169,-4.659343542268649,-1.299935597023878
647181.7477805021,4185841.3842680617,20.144431181110352,3.2133333333333334,3.2133333333333334,3.2266666666666666,-0.566431870777705,0.3609751459537896,-0.42399999499320973,0.38199999928474426,1522958782.5,647182.0032119178,4185841.6021590633,1522958782.5,2018-04-05 20:06:22.500,-0.57066912342665,-0.9218709532078614,0.5589336415575796,0.7524574205698843,-0.0013474375279375617,0.005745186622090087,-4.679436304831297,-1.2998208102174698
647182.2586433337,4185841.820050065,20.81591222048121,3.2,3.2,3.1983333333333333,-0.5760151513598186,0.3620484859202851,-0.5373333295186361,0.3501666684945424,1522958782.5,647182.5140747495,4185842.0379410656,1522958782.5,2018-04-05 20:06:22.500,-0.5750575364179538,-0.9358570570247389,0.5507715953676634,0.7475497783829996,-0.006862884256429808,0.004871294393334363,-4.687163,-1.3000742312778666
647182.7695061653,4185842.2558320668,21.48739326015428,3.1983333333333337,3.1983333333333337,3.178333333333333,-0.5896636394840294,0.38260909178943375,-0.6336666742960612,0.3728333363930385,1522958782.5,647183.024937581,4185842.473723068,1522958782.5,2018-04-05 20:06:22.500,-0.5780602686778855,-0.9590298993703033,0.5404472737101299,0.7431802776103466,-0.008151989042817859,0.006031262455021197,-4.687162999999999,-1.300557719817299
647183.2803689969,4185842.6916140695,22.158874299613718,3.2116666666666664,3.2116666666666664,3.2000000000000006,-0.5921363668008289,0.42793939443248696,-0.6756666700045267,0.4051666706800461,1522958782.5,647183.5358004128,4185842.909505071,1522958782.5,2018-04-05 20:06:22.500,-0.579360186532167,-0.9619668219431927,0.5289462764430354,0.7353936949583347,-0.009258473915041948,0.007288860711348155,-4.714645603191449,-1.3007485242460086
647183.7912318286,4185843.1273960727,22.830355339286793,3.2016666666666667,3.2016666666666667,3.215,-0.6019666636983559,0.4201333343982704,-0.6385000000397364,0.443000003695488,1522958782.5,647184.0466632446,4185843.3452870734,1522958782.5,2018-04-05 20:06:22.500,-0.5805287601411714,-0.9633428747382559,0.5173545179313385,0.7273435404051212,-0.009578281761968649,0.008090805063106415,-4.744248039007901,-1.3009167528876522
647184.3020946606,4185843.5631780736,23.501836378834792,3.2183333333333337,3.2183333333333337,3.2166666666666672,-0.620816664894422,0.4068499998499949,-0.6298333406448364,0.4798333297173182,1522958782.5,647184.5575260764,4185843.781069075,1522958782.5,2018-04-05 20:06:22.500,-0.581697333748464,-0.9647189275308641,0.505762759423278,0.7192933858518972,-0.0087030169658939,0.0038572116805986323,-4.7738504747868475,-1.3010849815285492
647184.8129574922,4185843.998960077,24.17331741829423,3.2550000000000003,3.2550000000000003,3.2350000000000008,-0.5375757570745365,0.3450454525423776,-0.643833339214325,0.4641666611035665,1522958782.5,647185.0683889079,4185844.216851078,1522958782.5,2018-04-05 20:06:22.500,-0.5828659073594763,-0.9660949803290119,0.4941710009135425,0.7112432313042037,-0.007703375338546814,-0.0012009709532547208,-4.803452910644557,-1.3012532101713012
647185.3238203238,4185844.4347420796,24.844798457753658,3.3233333333333333,3.3233333333333333,3.285,-0.5675151500512258,0.3662575770621048,-0.6540000041325887,0.42549999554951984,1522958782.5,647185.5792517397,4185844.6526330807,1522958782.5,2018-04-05 20:06:22.500,-0.584382866577627,-0.9675644535510037,0.48242604783171544,0.7026468457924363,-0.007254130990905022,-0.00822165159166402,-4.831802608593822,-1.3013709285893142
647185.8346831555,4185844.870524082,25.516279497035953,3.3566666666666665,3.3566666666666665,3.311666666666667,-0.6408030300429373,0.3700757588288097,-0.6755000054836273,0.4279999981323878,1522958782.5,647186.0901145713,4185845.0884150825,1522958782.5,2018-04-05 20:06:22.500,-0.5913841653378094,-0.9705045653835158,0.46826948242000654,0.6854516089122089,-0.0065048719800769594,-0.01231416744723765,-4.840431514643128,-1.3006935073221555
647186.345545987,4185845.306306083,26.187760536406817,3.4466666666666668,3.4466666666666668,3.401666666666667,-0.6461736098345785,0.4028055558188093,-0.6853333413600922,0.4416666676600774,1522958782.5,647186.6009774029,4185845.524197085,1522958782.5,2018-04-05 20:06:22.500,-0.5983854641046646,-0.9734446772198133,0.4541129170024797,0.6682563720242132,-0.005046690690663588,-0.011923152687034033,-4.849060420712097,-1.3000160860550238
647186.8564088186,4185845.7420880864,26.859241575777677,3.5116666666666667,3.5116666666666667,3.483333333333333,-0.6363249980741085,0.3869694438659486,-0.6020000030597051,0.4476666698853175,1522958782.5,647187.1118402344,4185845.959979087,1522958782.5,2018-04-05 20:06:22.500,-0.6053867628713477,-0.9763847890562479,0.439956351586938,0.6510611351384792,-0.004226374731187171,-0.011176685303300404,-4.857689326783293,-1.2993386647880525
647187.3672716501,4185846.1778700883,27.530722615059968,3.5866666666666664,3.5866666666666664,3.5733333333333337,-0.6160179507273893,0.29935897323183536,-0.6786666711171468,0.3646666631102562,1522958782.5,647187.6227030659,4185846.39576109,1522958782.5,2018-04-05 20:06:22.500,-0.6123880616447036,-0.9793249008964675,0.42579978616557834,0.633865898244977,-0.005228521652234586,-0.0106896141732708,-4.8663182328741525,-1.2986612435211078
647187.8781344816,4185846.6136520915,28.202203654644478,3.675,3.675,3.686666666666667,-0.662216667792737,0.2843038462377039,-0.7368333439032236,0.349333330988884,1522958782.5,647188.1335658976,4185846.8315430917,1522958782.5,2018-04-05 20:06:22.500,-0.6158644627372002,-0.981227666542744,0.4119986009006936,0.618140815113157,-0.00707949996969004,-0.010372177003311639,-4.888876992294839,-1.2981147615688673
647188.3889973136,4185847.0494340924,28.87368469419248,3.766666666666667,3.766666666666667,3.776666666666667,-0.6568576914377714,0.2975551288192851,-0.7128333350022634,0.2929999977350235,1522958782.5,647188.6444287293,4185847.267325094,1522958782.5,2018-04-05 20:06:22.500,-0.614558064200752,-0.9817228965908157,0.3986796174430336,0.6044105277054045,-0.008809230739021665,-0.009597454913131631,-4.930336640191328,-1.2977459461952199
647188.8998601451,4185847.485216096,29.54516573356335,3.8233333333333333,3.8233333333333333,3.835,-0.6764797605928926,0.27430476162671363,-0.7129999995231628,0.2456666653354963,1522958782.5,647189.1552915608,4185847.703107097,1522958782.5,2018-04-05 20:06:22.500,-0.6132516656719346,-0.9822181266451515,0.38536063397824927,0.5906802402888788,-0.009592068077624527,-0.00868368397955227,-4.971796288152819,-1.2973771308221467
647189.4107229767,4185847.9209980983,30.21664677293421,3.9,3.9,3.915,-0.6427523786113386,0.27923571339675396,-0.7278333306312561,0.329666664203008,1522958782.5,647189.6661543925,4185848.1388890995,1522958782.5,2018-04-05 20:06:22.500,-0.6119452671354865,-0.9827133566932231,0.37204165052058924,0.5769499528811264,-0.009454270011550206,-0.00816397881297648,-5.013255936049308,-1.2970083154484993
647189.9215858084,4185848.3567801,30.88812781230507,3.923333333333334,3.923333333333334,3.9466666666666663,-0.6697190464962098,0.2820452364250308,-0.7563333312670389,0.37166666487852734,1522958782.5,647190.1770172241,4185848.5746711018,1522958782.5,2018-04-05 20:06:22.500,-0.6106388685999543,-0.9832085867417524,0.3587226670648046,0.5632196654751818,-0.009257718823192707,-0.007275693844883996,-5.054715583943723,-1.2966395000749715
647190.4324486399,4185848.792562104,31.559608851978144,3.995,3.995,4.033333333333332,-0.6653809543521636,0.2643047628569461,-0.7001666625340781,0.4326666612178087,1522958782.5,647190.6878800557,4185849.0104531045,1522958782.5,2018-04-05 20:06:22.500,-0.6093324700673215,-0.9837038167929562,0.3454036836035824,0.5494893780630427,-0.008978049097025279,-0.005865975922355576,-5.096175231872713,-1.2962706847016112
647190.9433114716,4185849.228344105,32.23108989113536,4.06,4.06,4.091666666666667,-0.6670476198196419,0.1957619052513372,-0.6713333328564962,0.3133333399891853,1522958782.5,647191.1987428874,4185849.4462351063,1522958782.5,2018-04-05 20:06:22.500,-0.6080260715288901,-0.9841990468388108,0.33208470015323555,0.5357590906632925,-0.008436773777420067,-0.004380422233734721,-5.137634879732553,-1.2959018693279165
647191.4541743031,4185849.664126107,32.90257093071987,4.096666666666667,4.096666666666667,4.123333333333334,-0.6457222258051242,0.2416888892443642,-0.62800000111262,0.35016667594512296,1522958782.5,647191.709605719,4185849.882017108,1522958782.5,2018-04-05 20:06:22.500,-0.6067196729904586,-0.9846942768846654,0.31876571670288856,0.5220288032635425,-0.008543832959322942,-0.0010852170008583961,-5.179094527592392,-1.2955330539542218
647191.9650371347,4185850.0999081093,33.574051970179305,4.1433333333333335,4.1433333333333335,4.165,-0.6597377796967832,0.24792444358062485,-0.6840000003576279,0.3820000017682712,1522958782.5,647192.2204685506,4185850.317799111,1522958782.5,2018-04-05 20:06:22.500,-0.6054132744578257,-0.9851895069358692,0.3054467332416664,0.5082985158514033,-0.009242872486998469,0.002797559378465292,-5.220554175521381,-1.2951642385808613
647192.4758999664,4185850.5356901125,34.245533009550165,4.21,4.21,4.218333333333334,-0.6942500013444166,0.2426055545401241,-0.7438333332538605,0.3224999954303105,1522958782.5,647192.7313313822,4185850.753581113,1522958782.5,2018-04-05 20:06:22.500,-0.6013861153344688,-0.9918828106328459,0.2920986577195271,0.49863176063977327,-0.009876642311788461,0.006390206362722917,-5.28730446242103,-1.2950594508716469
647192.9867627979,4185850.971472114,34.917014048921025,4.243333333333333,4.243333333333333,4.241666666666667,-0.7083802092820408,0.24223437463903544,-0.7714999914169312,0.3008333320418994,1522958782.5,647193.2421942137,4185851.189363115,1522958782.5,2018-04-05 20:06:22.500,-0.5940957202072616,-1.0037743608084262,0.2794328019452655,0.4934935404564578,-0.010510412136427852,0.009982853344105314,-5.374091779806722,-1.2952227114099977
647193.4976256295,4185851.407254116,35.58849508829189,4.3133333333333335,4.3133333333333335,4.291666666666667,-0.6689114586139719,0.2446770828876957,-0.6519999901453654,0.3361666624744733,1522958782.5,647193.7530570454,4185851.6251451178,1522958782.5,2018-04-05 20:06:22.500,-0.5868053250781122,-1.0156659110068929,0.26676694615471347,0.4883553202667336,-0.010573132159170912,0.012696799225287617,-5.4608790973436285,-1.2953859719491256
647194.0084884614,4185851.843036119,36.25997612757417,4.366666666666666,4.366666666666666,4.383333333333333,-0.7222395880768707,0.28458333434052,-0.6653333306312561,0.34849999845027924,1522958782.5,647194.2639198769,4185852.06092712,1522958782.5,2018-04-05 20:06:22.500,-0.5795149299517823,-1.0275574611935736,0.25410109037376744,0.4832171000808334,-0.009055364278851008,0.012523954519879338,-5.547666414800284,-1.295549232487923
647194.5193512925,4185852.2788181216,36.931457166856475,4.386666666666667,4.386666666666667,4.435,-0.715156251875064,0.27426041696647524,-0.6306666632493337,0.3124999950329463,1522958782.5,647194.7747827084,4185852.496709123,1522958782.5,2018-04-05 20:06:22.500,-0.5722245348263296,-1.0394490113913553,0.24143523458613697,0.4780788798923486,-0.006937576434940321,0.011796354917553958,-5.634453732327902,-1.295712493027167
647195.0302141242,4185852.714600124,37.60293820622734,4.441666666666666,4.441666666666666,4.495,-0.6976197954888151,0.24996874938369776,-0.6970000068346659,0.314833328127861,1522958782.5,647195.2856455401,4185852.9324911246,1522958782.5,2018-04-05 20:06:22.500,-0.5649341396954256,-1.0513405615676206,0.2287693788089538,0.4729406597077937,-0.004766284521318921,0.01095205341203219,-5.721241049722883,-1.2958757535654017
647195.541076956,4185853.150382125,38.2744192455982,4.483333333333333,4.483333333333333,4.53,-0.7013208319122604,0.2551937497686597,-0.7749999960263572,0.3653333360950152,1522958782.5,647195.7965083716,4185853.3682731264,1522958782.5,2018-04-05 20:06:22.500,-0.559417213517455,-1.0615924319865415,0.21645394109600047,0.46703811539227597,-0.0022261889630485893,0.00930332554624029,-5.7983248746520735,-1.2959009095859861
647196.0519397872,4185853.586164128,38.9459002848805,4.49,4.49,4.515,-0.6958124983745314,0.24469791655428744,-0.7483333249886831,0.3288333316644033,1522958782.5,647196.3073712031,4185853.8040551296,1522958782.5,2018-04-05 20:06:22.500,-0.5606760309940764,-1.065579715902183,0.2054773161769783,0.4582153821426409,0.003749488177078507,0.008698149275319603,-5.838335382303985,-1.295398421292531
647196.5628026188,4185854.0219461313,39.6173813241628,4.47,4.47,4.495,-0.6994895866761612,0.1614218755409333,-0.7758333384990692,0.2773333365718524,1522958782.5,647196.8182340346,4185854.239837132,1522958782.5,2018-04-05 20:06:22.500,-0.5619348484549627,-1.0695669998085489,0.1945006912685626,0.4493926489042005,0.01044283427460229,0.007740930600825355,-5.8783458898904675,-1.2948959329992717
647197.0736654503,4185854.4577281326,40.2888623634451,4.433333333333334,4.433333333333334,4.490000000000001,-0.7120260403802006,0.1659583329759093,-0.7738333344459534,0.29966666549444204,1522958782.5,647197.3290968661,4185854.6756191337,1522958782.5,2018-04-05 20:06:22.500,-0.5715994102853797,-1.0769422249577882,0.18899618559994996,0.4424977212289547,0.016926601828039622,0.006349686978122465,-5.817271288751002,-1.294715420071138
647197.5845282818,4185854.8935101344,40.96034340242517,4.391666666666667,4.391666666666667,4.4383333333333335,-0.7132447922291861,0.16485937481411408,-0.7390000025431315,0.22366666669646895,1522958782.5,647197.8399596976,4185855.1114011356,1522958782.5,2018-04-05 20:06:22.500,-0.5875537038648806,-1.085979322155978,0.18623097500273159,0.43580180801970403,0.02273429025531222,0.006663750500499721,-5.704269507514808,-1.2946382075007334
647198.0953911132,4185855.3292921367,41.63182444192112,4.340000000000002,4.340000000000002,4.304999999999999,-0.643591113024288,0.2391844447660776,-0.7390000025431315,0.2605000038941701,1522958782.5,647198.350822529,4185855.5471831383,1522958782.5,2018-04-05 20:06:22.500,-0.6019009918273619,-1.0916884042774397,0.17825950508498672,0.4249204308128093,0.02499876633905896,0.006598087757991519,-5.683375024816156,-1.2940770072449452
647198.6062539449,4185855.76507414,42.30330548138056,4.263333333333334,4.263333333333334,4.148333333333333,-0.6469777766201238,0.20740000040063425,-0.7494999965031942,0.25566666821638745,1522958782.5,647198.8616853607,4185855.9829651406,1522958782.5,2018-04-05 20:06:22.500,-0.6162482797759716,-1.0973974863926665,0.17028803516870308,0.4140390536101246,0.024536924070374846,0.006325231887473345,-5.662480542133108,-1.2935158069890387
647199.1171167764,4185856.2008561417,42.97478652075141,4.195,4.195,4.066666666666666,-0.6796777774890265,0.153166666114703,-0.7613333264986674,0.33049999674161273,1522958782.5,647199.3725481923,4185856.418747143,1522958782.5,2018-04-05 20:06:22.500,-0.6305955677245815,-1.1031065685078933,0.16231656525241941,0.40315767640743994,0.02458822246134664,0.0066121649214827966,-5.6415860594500575,-1.292954606733132
647199.6279796081,4185856.6366381436,43.64626756003371,4.133333333333333,4.133333333333333,4.0200000000000005,-0.7381190524569587,0.18142857222396566,-0.7531666755676271,0.3096666658918063,1522958782.5,647199.8834110239,4185856.854529145,1522958782.5,2018-04-05 20:06:22.500,-0.6449428556731912,-1.1088156506231206,0.15434509533613575,0.39227629920475526,0.025754807433397385,0.008313092045711207,-5.620691576767008,-1.2923934064772253
647200.1388424396,4185857.072420147,44.317748599706775,4.091666666666667,4.091666666666667,3.981666666666667,-0.7419523820990621,0.1468999989530338,-0.75,0.3349999984105428,1522958782.5,647200.3942738555,4185857.2903111475,1522958782.5,2018-04-05 20:06:22.500,-0.6595205104297115,-1.1131342189766382,0.14936969208463738,0.3840369082439945,0.026921392405448073,0.010014019169939686,-5.5831458350272465,-1.291781038062459
647200.6497052714,4185857.5082021486,44.98922963925477,4.114999999999998,4.114999999999998,4.048333333333333,-0.7105785713309339,0.157683332458449,-0.7254999975363413,0.3295000046491623,1522958782.5,647200.9051366872,4185857.72609315,1522958782.5,2018-04-05 20:06:22.500,-0.6742564775264606,-1.1164972005930496,0.14645324118604025,0.3776131390259231,0.02448275275903109,0.010468337199205008,-5.534157040455577,-1.291133505943587
647201.1605681032,4185857.943984152,45.660710678714196,4.126666666666667,4.126666666666667,4.108333333333333,-0.6692777809169562,0.1162833328876233,-0.6759999791781107,0.24033333485325176,1522958782.5,647201.4159995189,4185858.161875153,1522958782.5,2018-04-05 20:06:22.500,-0.6889924446232096,-1.119860182209461,0.14353679028744315,0.37118936980785167,0.016799027199104435,0.008585391675287574,-5.485168245883907,-1.290485973824715
647201.6714309348,4185858.3797661536,46.33219171808506,4.138333333333333,4.138333333333333,4.1433333333333335,-0.633543333013853,0.108234443359284,-0.6586666603883108,0.1466666671137015,1522958782.5,647201.9268623505,4185858.5976571552,1522958782.5,2018-04-05 20:06:22.500,-0.7037284117056013,-1.1232231638195194,0.14062033939314442,0.3647656005969121,0.008909769279722937,0.0065575006000195835,-5.436179451328223,-1.289838441705971
647202.1822937663,4185858.8155481564,47.00367275775813,4.158333333333333,4.158333333333333,4.175,-0.6176722211970234,0.13259444472690451,-0.7333333392937978,0.18666666947926086,1522958782.5,647202.4377251822,4185859.0334391575,1522958782.5,2018-04-05 20:06:22.500,-0.7175942198442492,-1.1263678732989453,0.1374605153590629,0.358202984918231,-0.001098624901215088,0.0033206240761404077,-5.390444337733401,-1.2891877965532204
647202.6931565981,4185859.2513301587,47.67515379721755,4.158333333333333,4.158333333333333,4.198333333333333,-0.6305611088871966,0.18474999958028407,-0.6854999959468842,0.2988333267470201,1522958782.5,647202.9485880141,4185859.46922116,1522958782.5,2018-04-05 20:06:22.500,-0.6984395346451445,-1.121229666778507,0.12506525083677972,0.346371471073347,-0.011471319064092905,-0.00023749881713609755,-5.468178793970213,-1.2884190190525795
647203.20401943,4185859.6871121605,48.34663483667699,4.15,4.15,4.183333333333334,-0.6568622218569128,0.1605255552298493,-0.7113333344459534,0.21450000007947287,1522958782.5,647203.4594508457,4185859.905003162,1522958782.5,2018-04-05 20:06:22.500,-0.679284849451302,-1.116091460261916,0.1126699863153231,0.33453995722926516,-0.021131686273297447,-0.002395741259192341,-5.545913250212694,-1.28765024155242
647203.7148822615,4185860.1228941637,49.01811587604785,4.126666666666667,4.126666666666667,4.161666666666667,-0.6398388885789459,0.17792777810504445,-0.7849999864896139,0.2509999970595042,1522958782.5,647203.9703136773,4185860.3407851644,1522958782.5,2018-04-05 20:06:22.500,-0.6601301642574595,-1.110953253745325,0.10027472179386647,0.3227084433851834,-0.03095388778226019,-0.004068976877640629,-5.623647706455175,-1.2868814640522606
647204.2257450931,4185860.558676165,49.68959691541871,4.1066666666666665,4.1066666666666665,4.1466666666666665,-0.6825166641341328,0.16936222184242486,-0.7308333317438761,0.2811666702230771,1522958782.5,647204.4811765088,4185860.7765671667,1522958782.5,2018-04-05 20:06:22.500,-0.6405190182371936,-1.1038399504142693,0.08990835235660263,0.3079269108292808,-0.034866313111770186,-0.004503848386111703,-5.654825805316584,-1.2861475215293805
647204.7366079246,4185860.9944581683,50.361077954701,4.07,4.07,4.07,-0.6778677772151103,0.12930555557314746,-0.7315000096956888,0.2846666673819224,1522958782.5,647204.9920393403,4185861.2123491694,1522958782.5,2018-04-05 20:06:22.500,-0.6205379493087342,-1.095125998158874,0.08118623077859764,0.29075463759440334,-0.03625702739422313,-0.004306169661125195,-5.648273914126452,-1.2854418098092095
647205.2474707562,4185861.4302401706,51.03255899437408,4.038333333333333,4.038333333333333,4.031666666666667,-0.6805155523618069,0.14472222224291847,-0.7998333374659219,0.3138333335518837,1522958782.5,647205.502902172,4185861.648131172,1522958782.5,2018-04-05 20:06:22.500,-0.6005568803769717,-1.0864120459018016,0.07246410919912966,0.273582364360317,-0.03654272845519285,-0.005715183023064591,-5.641722022953469,-1.2847360980887021
647205.7583335879,4185861.8660221733,51.7040400338335,3.9583333333333335,3.9583333333333335,3.9533333333333336,-0.6483611129058738,0.15022333273664112,-0.7476666569709778,0.2066666648412744,1522958782.5,647206.0137650038,4185862.0839131745,1522958782.5,2018-04-05 20:06:22.500,-0.5805758114588163,-1.0776980936501088,0.06374198762555167,0.2564100911464352,-0.035625864704151494,-0.008872728732902388,-5.63517013182769,-1.2840303863681592
647206.2691964196,4185862.301804175,52.375521073292944,3.895,3.895,3.8333333333333335,-0.6865856209611595,0.13817952117783264,-0.7519999742507935,0.0860000029206276,1522958782.5,647206.5246278354,4185862.5196951767,1522958782.5,2018-04-05 20:06:22.500,-0.5605947425423123,-1.0689841413992542,0.05501986605270519,0.23923781793215787,-0.03470900095391993,-0.012030274442535668,-5.628618240693336,-1.2833246746477847
647206.7800592511,4185862.7375861784,53.047002112966005,3.846666666666666,3.846666666666666,3.731666666666667,-0.6631514164487261,0.09296786604136688,-0.6289999783039093,0.18549999967217445,1522958782.5,647207.035490667,4185862.955477179,1522958782.5,2018-04-05 20:06:22.500,-0.5406136736258083,-1.0602701891483997,0.04629774447985871,0.22206554471788054,-0.033811147945935684,-0.015150242913487856,-5.622066349558984,-1.28261896292741
647207.290922083,4185863.17336818,53.71848315242544,3.7466666666666666,3.7466666666666666,3.686666666666667,-0.6201517405268417,0.0833711337065325,-0.5104999840259552,0.1769999973475933,1522958782.5,647207.5463534989,4185863.3912591813,1522958782.5,2018-04-05 20:06:22.500,-0.5206326047043498,-1.0515562368950295,0.037575622904817724,0.20489327150478986,-0.03530894286984443,-0.01730044369811449,-5.615514458450351,-1.2819132512065308
647207.8017849148,4185863.609150183,54.389964191884864,3.591666666666667,3.591666666666667,3.485,-0.6370064097302498,0.1262282058253609,-0.534500002861023,0.16299999877810478,1522958782.5,647208.0572163305,4185863.827041184,1522958782.5,2018-04-05 20:06:22.500,-0.5004972377560857,-1.0421746402200025,0.029539331239984503,0.18672379979742382,-0.03781548935424089,-0.03203218561792683,-5.593225064216661,-1.2812193147965798
647208.3126477463,4185864.044932185,55.061445231255725,3.47,3.47,3.326666666666666,-0.6465080210962392,0.05834110138321043,-0.7555000185966492,-0.03099999949336052,1522958782.5,647208.5680791622,4185864.262823186,1522958782.5,2018-04-05 20:06:22.500,-0.4792659169005119,-1.0280508729407305,0.02637437884036205,0.16147138822664256,-0.03792976905581605,-0.03165156890823172,-5.459154724372439,-1.2806090165168769
647208.8235105779,4185864.480714187,55.73292627062657,3.4250000000000003,3.4250000000000003,3.268333333333333,-0.6396646612867679,0.083074058594858,-0.8920000195503235,-0.1850000023841858,1522958782.5,647209.0789419936,4185864.698605188,1522958782.5,2018-04-05 20:06:22.500,-0.47017406381374516,-1.0218944609796596,0.015178704180050202,0.15209275804849434,-0.034629529831417385,-0.030192426115876553,-5.471175912540211,-1.279664063433308
647209.3343734095,4185864.916496189,56.40440730999745,3.293333333333333,3.293333333333333,3.145,-0.6115154497830204,0.04977059560704244,-0.8920000195503235,-0.1850000023841858,1522958782.5,647209.5898048253,4185865.1343871905,1522958782.5,2018-04-05 20:06:22.500,-0.45755225176445113,-1.0008224956688732,0.014408179788346704,0.14937399189992562,-0.033801956437422113,-0.032063576881265585,-5.38792308822132,-1.2781223265648314
647209.845236241,4185865.352278192,57.07588834927974,3.06,3.06,2.918333333333333,-0.6652644553894848,0.049220500712675835,-1.2029999494552612,0.1120000034570694,1522958782.5,647210.1006676569,4185865.5701691927,1522958782.5,2018-04-05 20:06:22.500,-0.44421503767528236,-0.9773227236070335,0.01536837219190952,0.14747237803817875,-0.033892125548763065,-0.035176816944851586,-5.2878549989310075,-1.2764924255990313
647210.3560990727,4185865.788060194,57.74736938865061,2.911666666666666,2.911666666666666,2.745,-0.6687433670928953,0.012307928332721376,-1.2029999494552612,0.1120000034570694,1522958782.5,647210.6115304884,4185866.005951195,1522958782.5,2018-04-05 20:06:22.500,-0.43087782358611404,-0.9538229515473005,0.016328564595226108,0.14557076417508635,-0.03378632286197438,-0.034203378795976215,-5.187786909651385,-1.2748625246334762
647210.866961904,4185866.223842196,58.4188504279329,2.7433333333333336,2.7433333333333336,2.575,-0.6373928349825645,0.009645519777214477,-0.8280000090599059,-0.02800000086426735,1522958782.5,647211.1223933198,4185866.4417331973,1522958782.5,2018-04-05 20:06:22.500,-0.4175406094969457,-0.9303231794875674,0.017288756998542695,0.14366915031199393,-0.034151145315940996,-0.03499158273893792,-5.087718820371762,-1.2732326236679212
647211.3778247357,4185866.659624199,59.09033146760597,2.5316666666666667,2.5316666666666667,2.418333333333333,-0.6991956825583593,0.046850981019510386,-0.7086666723092397,0.12866666416327158,1522958782.5,647211.6332561516,4185866.8775151996,1522958782.5,2018-04-05 20:06:22.500,-0.40420339540777644,-0.9068234074236212,0.018248949402351746,0.14176753645159268,-0.03435175937714188,-0.03542628973114917,-4.987650731070761,-1.2716027227018762
647211.8886875674,4185867.0954062007,59.76181250676319,2.405,2.405,2.256666666666667,-0.6718403570294147,0.061007631453966024,-0.6402500048279762,0.09799999836832284,1522958782.5,647212.1441189831,4185867.3132972023,1522958782.5,2018-04-05 20:06:22.500,-0.3908661813043586,-0.8833236353486551,0.019209141805539735,0.13986592258015862,-0.034552373440133274,-0.03586099672724018,-4.887582641734334,-1.269972821735728
647212.3995503988,4185867.531188204,60.43329354595693,2.2533333333333334,2.2533333333333334,2.1366666666666667,-0.5977726848878302,0.034353012852763466,-0.6289999981721243,-0.02866666515668233,1522958782.5,647212.6549818146,4185867.749079205,1522958782.5,2018-04-05 20:06:22.500,-0.3775289672009407,-0.8598238632736891,0.020169334208727727,0.13796430870872456,-0.03475298750312464,-0.03629570372333124,-4.787514552397907,-1.2683429207695798
647212.9104132304,4185867.9669702062,61.10477458562999,2.095,2.095,2.015,-0.5175502252837295,0.10977191840857696,-0.4933333396911621,0.14566666881243387,1522958782.5,647213.1658446463,4185868.1848612074,1522958782.5,2018-04-05 20:06:22.500,-0.36419175311177143,-0.836324091209743,0.021129526612536774,0.13606269484832334,-0.034953601564325545,-0.03673041071554253,-4.687446463096905,-1.2667130198035346
647213.4212760623,4185868.402752208,61.776255625177996,1.9833333333333336,1.9833333333333336,1.903333333333333,-0.5270255724725118,0.10005525023629674,-0.5629999935626984,0.09349999949336052,1522958782.5,647213.676707478,4185868.6206432087,1522958782.5,2018-04-05 20:06:22.500,-0.35085453905110126,-0.812824319176263,0.022089719016603022,0.1341610810046053,-0.03404925779383217,-0.03683179334203061,-4.587378373909512,-1.2650831188386766
647213.9321388939,4185868.83853421,62.44773666415808,1.9,1.9,1.7966666666666666,-0.5430080947506111,0.03748261896050758,-0.6057999968528748,0.07180000245571136,1522958782.5,647214.1875703095,4185869.056425211,1522958782.5,2018-04-05 20:06:22.500,-0.337517324961933,-0.7893245471165299,0.023049911419919605,0.13225946714151288,-0.03246776777058789,-0.03672890633126709,-4.487310284629891,-1.2634532178731215
647214.4430017251,4185869.2743162126,63.119217703351815,1.835,1.835,1.7633333333333332,-0.5112917942649279,0.005347435621974558,-0.2659999996423721,0.09580000266432763,1522958782.5,647214.6984331408,4185869.4922072133,1522958782.5,2018-04-05 20:06:22.500,-0.32418011087276555,-0.7658247750610101,0.024010103822743725,0.13035785327572932,-0.026579467307364643,-0.026893702509656597,-4.387242195371647,-1.2618233169080562
647214.9538645565,4185869.7100982144,63.790698742634106,1.87,1.87,1.8,-0.3918350029191269,0.10988404850176148,-0.29780000150203706,0.018599999696016317,1522958782.5,647215.2092959723,4185869.9279892156,1522958782.5,2018-04-05 20:06:22.500,-0.3096896052787759,-0.7392398183958504,0.02442474214425598,0.1266879500718419,-0.020895687362841628,-0.015427200126052913,-4.27381829902599,-1.2601225410176542
647215.4647273881,4185870.1458802163,64.4621797819164,1.8883333333333332,1.8883333333333332,1.825,-0.34164166897535325,0.1168833338799666,-0.2723333301643531,0.01833333377726376,1522958782.5,647215.720158804,4185870.363771218,1522958782.5,2018-04-05 20:06:22.500,-0.29482958555830524,-0.7116663698406555,0.0246645851615673,0.12245148768903687,-0.012983007101987215,-0.001971831224200832,-4.156115207537156,-1.2583990568298271
647215.9755902197,4185870.58166222,65.13366082158949,1.94,1.94,1.8916666666666664,-0.3237676924624696,0.15344846128127895,-0.2993999972939491,0.19940000576898456,1522958782.5,647216.2310216357,4185870.7995532216,1522958782.5,2018-04-05 20:06:22.500,-0.29384183170067957,-0.6995309169392327,0.03128470395369409,0.13699147731633235,-0.003401357477427175,0.010390889932596514,-4.114626209819689,-1.2573409376107414
647216.4864530516,4185871.017444223,65.80514186135112,2.0683333333333334,2.0683333333333334,2.0033333333333334,-0.2271837775771401,0.10997400035574624,-0.4091999989934266,0.1582000020891428,1522958782.5,647216.7418844675,4185871.2353352234,1522958782.5,2018-04-05 20:06:22.500,-0.30118712600948305,-0.6859778691954557,0.04375055384455565,0.16059163266460671,0.003825012450395574,0.015003112078721514,-4.090837268312905,-1.256911247791611
647216.9973158835,4185871.4532262236,66.47662290098769,2.1966666666666668,2.1966666666666668,2.1166666666666667,-0.2179768603485463,0.15408980404812048,-0.35779999792575834,0.19920000322163106,1522958782.5,647217.2527472994,4185871.6711172257,1522958782.5,2018-04-05 20:06:22.500,-0.3085324203147432,-0.6724248214404124,0.056216403738632195,0.18419178801882807,0.007892885005102858,0.010471456835564344,-4.067048326767402,-1.256481557972101
647217.5081787151,4185871.8890082273,67.14810394044713,2.313333333333333,2.313333333333333,2.226666666666667,-0.2073214820280448,0.12124185253210655,-0.3706000059843063,0.18659999947994949,1522958782.5,647217.7636101309,4185872.106899228,1522958782.5,2018-04-05 20:06:22.500,-0.3158777146127148,-0.6588717736874267,0.06868225362624346,0.20779194336072015,0.0087657669832137,0.005247133621788788,-4.043259385213391,-1.2560518681526416
647218.0190415466,4185872.3247902286,67.81958497972943,2.3866666666666663,2.3866666666666663,2.3516666666666666,-0.26716929516902105,0.13203824639124315,-0.41899999380111697,0.14980000089854,1522958782.5,647218.2744729624,4185872.54268123,1522958782.5,2018-04-05 20:06:22.500,-0.32322300891068645,-0.6453187259344411,0.08114810351385472,0.2313920987026122,0.005907096110166828,0.0053507468282353865,-4.019470443659379,-1.2556221783331825
647218.5299043781,4185872.760572232,68.49106601901173,2.4816666666666665,2.4816666666666665,2.4250000000000003,-0.2880835123784093,0.1714912198739306,-0.4149999991059303,0.22424999810755253,1522958782.5,647218.7853357939,4185872.9784632325,1522958782.5,2018-04-05 20:06:22.500,-0.323906999909507,-0.6360543400829586,0.09263728023346643,0.2478654118790135,0.0023404121382709434,0.0043847170414591935,-4.014914223382525,-1.2554052139583236
647219.0407672097,4185873.196354233,69.16254705847116,2.535,2.535,2.475,-0.2580690734594613,0.2606822233867868,-0.269749996252358,0.3165000006556511,1522958782.5,647219.2961986256,4185873.414245235,1522958782.5,2018-04-05 20:06:22.500,-0.3214674361692623,-0.628800952622751,0.10366848470028406,0.260996874279261,-0.0013910715210226458,0.0023800245660141883,-4.019376427147298,-1.2552879987679062
647219.5516300414,4185873.632136237,69.83402809784202,2.5816666666666666,2.5816666666666666,2.54,-0.2848058829810837,0.1834898046741044,-0.4389999955892563,0.3600000068545341,1522958782.5,647219.8070614572,4185873.850027237,1522958782.5,2018-04-05 20:06:22.500,-0.3190278724279486,-0.6215475651623537,0.11469968916514603,0.27412833667685427,-0.00292844794658903,-0.0008391767808453715,-4.023838630905305,-1.2551707835774626
647220.0624928729,4185874.0679182373,70.5055091371243,2.5899999999999994,2.5899999999999994,2.6166666666666663,-0.238734469079866,0.2241636352811123,-0.42000000178813934,0.2473333304127057,1522958782.5,647220.3179242888,4185874.2858092394,1522958782.5,2018-04-05 20:06:22.500,-0.316588308686635,-0.6142941777019563,0.12573089363000803,0.28725979907444754,-0.00394634784349418,-0.002376986595800691,-4.028300834663314,-1.255053568387019
647220.5733557045,4185874.5037002414,71.1769901764952,2.555,2.555,2.556666666666666,-0.2838192145000488,0.23178450792461794,-0.4063333260516326,0.21199999749660486,1522958782.5,647220.8287871203,4185874.7215912417,1522958782.5,2018-04-05 20:06:22.500,-0.31414874494425216,-0.6070407902413688,0.1367620980929144,0.3003912614693865,-0.005031932423153498,-0.004339265490563973,-4.032763038414558,-1.2549363531965487
647221.084218536,4185874.939482242,71.84847121577748,2.536666666666666,2.536666666666666,2.515,-0.2851905884721555,0.24304706001508186,-0.4866666694482168,0.17533333847920096,1522958782.5,647221.3396499518,4185875.157373244,1522958782.5,2018-04-05 20:06:22.500,-0.3117091812018694,-0.5997874027807814,0.14779330255582074,0.31352272386432545,-0.00431771208483709,-0.005277391019073999,-4.037225242165802,-1.2548191380060785
647221.5950813675,4185875.3752642456,72.51995225505979,2.5166666666666666,2.5166666666666666,2.5,-0.2970007839262049,0.2798729412228455,-0.33150000497698784,0.2069999994710088,1522958782.5,647221.8505127833,4185875.593155246,1522958782.5,2018-04-05 20:06:22.500,-0.3076939632571749,-0.5901535685742443,0.15910551553944932,0.32841646722909373,-0.0007638549961070037,-0.003700562426492318,-4.065139046809406,-1.254686308396392
647222.105944199,4185875.811046247,73.19143329434208,2.485,2.485,2.465,-0.30112882377251105,0.3271715679662487,-0.3449999988079071,0.3136000007390976,1522958782.5,647222.3613756148,4185876.0289372485,1522958782.5,2018-04-05 20:06:22.500,-0.30118279992670083,-0.5767489418531246,0.1708628654824642,0.3461017857051011,0.002005725361717163,-0.002849081703328843,-4.130201811517061,-1.2545287444652162
647222.6168070306,4185876.24682825,73.86291433371294,2.475,2.475,2.4683333333333333,-0.3528645831587105,0.34823958273045713,-0.3846666645258665,0.3686666674911976,1522958782.5,647222.8722384465,4185876.464719251,1522958782.5,2018-04-05 20:06:22.500,-0.29570578014984455,-0.5642836136769255,0.1828543282292773,0.36344804793615154,0.0002296223000712999,-0.0040536759664691335,-4.186514700358961,-1.2543906611885989
647223.1276698625,4185876.682610252,74.5343953730838,2.4766666666666666,2.4766666666666666,2.4683333333333333,-0.310583333615796,0.3955520823753129,-0.2666666669150193,0.3370000041710834,1522958782.5,647223.383101278,4185876.9005012535,1522958782.5,2018-04-05 20:06:22.500,-0.3072077047706377,-0.5677360510949996,0.19824612310288606,0.37472110068467696,-0.0018271650441325435,-0.005329136024843556,-4.098377108751786,-1.2545832740385776
647223.6385326936,4185877.118392255,75.2058764123661,2.478333333333333,2.478333333333333,2.4616666666666664,-0.3299374988613031,0.4195312497904528,-0.27166667114943266,0.4178333356976509,1522958782.5,647223.8939641095,4185877.3362832554,1522958782.5,2018-04-05 20:06:22.500,-0.30285785880443017,-0.5637915850358591,0.20379077410381627,0.3840429477505727,-0.0045655877638401884,-0.004905745155553032,-4.133184788811678,-1.2546305008812888
647224.1493955253,4185877.554174256,75.87735745164841,2.476666666666666,2.476666666666666,2.4966666666666666,-0.3304791668585194,0.426635415487302,-0.3948333362738292,0.37816666563351947,1522958782.5,647224.4048269411,4185877.7720652577,1522958782.5,2018-04-05 20:06:22.500,-0.2985080128321044,-0.5598471189692192,0.2093354251081026,0.3933647948210631,-0.006927181881812676,-0.0045689918157450216,-4.167992468880072,-1.2546777277239318
647224.6602583568,4185877.9899562593,76.54883849101925,2.481666666666667,2.481666666666667,2.4916666666666667,-0.3483437503261186,0.3854479168876425,-0.3580000040431817,0.4205000003178914,1522958782.5,647224.9156897727,4185878.20784726,1522958782.5,2018-04-05 20:06:22.500,-0.29415816685977864,-0.5559026529025795,0.214880076112389,0.4026866418915536,-0.007253476851916185,-0.004498259684666023,-4.202800148948466,-1.254724954566575
647225.1711211884,4185878.4257382606,77.22031953039011,2.485,2.485,2.465,-0.35044791651307616,0.4292291666303452,-0.3411666701237361,0.37183333685000736,1522958782.5,647225.4265526042,4185878.643629262,1522958782.5,2018-04-05 20:06:22.500,-0.2898083208870544,-0.5519581868350494,0.22042472711597907,0.4120084889605895,-0.007172936501928115,-0.004524682412355041,-4.237607829009082,-1.254772181409186
647225.6819840199,4185878.861520264,77.8918005696724,2.493333333333333,2.493333333333333,2.485,-0.3290392146628424,0.44734313879527293,-0.4426666597525279,0.3925000056624413,1522958782.5,647225.9374154357,4185879.0794112645,1522958782.5,2018-04-05 20:06:22.500,-0.2854584749143302,-0.5480137207675193,0.2259693781195692,0.42133033602962533,-0.007351518547709671,-0.004736540937570685,-4.272415509069698,-1.2548194082517967
647226.1928468514,4185879.297302265,78.56328160895471,2.495,2.495,2.4633333333333334,-0.3322305884387564,0.4238270593003611,-0.4787999927997589,0.40920000076293933,1522958782.5,647226.4482782672,4185879.515193267,1522958782.5,2018-04-05 20:06:22.500,-0.28110862894160593,-0.5440692546999891,0.23151402912315922,0.43065218309866127,-0.007530100593491219,-0.0049483994627863015,-4.3072231891303145,-1.254866635094408
647226.7037096829,4185879.733084269,79.23476264832557,2.525,2.525,2.5033333333333334,-0.3042098021541045,0.3716127462744457,-0.4195000007748604,0.38224999606609344,1522958782.5,647226.9591410987,4185879.950975269,1522958782.5,2018-04-05 20:06:22.500,-0.2767587829688817,-0.540124788632459,0.23705868012674933,0.43997403016769715,-0.00740604563120905,-0.0033472130689755075,-4.342030869190931,-1.254913861937019
647227.2145725145,4185880.1688662693,79.90624368769643,2.538333333333333,2.538333333333333,2.513333333333333,-0.3062715675974008,0.3536127463572057,-0.4962500035762787,0.2942499979399145,1522958782.5,647227.4700039304,4185880.3867572714,1522958782.5,2018-04-05 20:06:22.500,-0.27240893699695445,-0.5361803225667094,0.24260333113173196,0.4492958772396422,-0.007253200750765548,-0.0015735513565292986,-4.376838549267101,-1.254961088779694
647227.7254353461,4185880.604648273,80.57772472697873,2.545,2.545,2.5316666666666667,-0.3007196103752245,0.4103764723109851,-0.33133333424727124,0.36633333067099255,1522958782.5,647227.9808667619,4185880.8225392736,1522958782.5,2018-04-05 20:06:22.500,-0.2680590910242302,-0.5322358564991794,0.24814798213532202,0.4586177243086781,-0.007048006024083356,0.0002622149262343082,-4.411646229327718,-1.255008315622305
647228.2362981775,4185881.040430274,81.24920576626103,2.563333333333333,2.563333333333333,2.5500000000000003,-0.3034259276854791,0.4650324033090365,-0.18166666788359484,0.39899998903274536,1522958782.5,647228.4917295934,4185881.258321276,1522958782.5,2018-04-05 20:06:22.500,-0.263709245051506,-0.5282913904316493,0.2536926331389121,0.4679395713777139,-0.005767532293403432,0.0009611851168464386,-4.446453909388334,-1.2550555424649161
647228.7471610092,4185881.4762122775,81.92068680554333,2.598333333333333,2.598333333333333,2.5933333333333333,-0.3160448152972045,0.4206259240955117,-0.25333333512147266,0.27700000007947284,1522958782.5,647229.0025924249,4185881.694103278,1522958782.5,2018-04-05 20:06:22.500,-0.25977592268114225,-0.5268422437757997,0.25806097465244726,0.478407521298597,-0.004273905022151386,0.0013769796083970137,-4.488394550499721,-1.2551658123253486
647229.2580238405,4185881.911994279,82.59216784482562,2.6333333333333333,2.6333333333333333,2.6383333333333336,-0.3450014837220725,0.4080129623809763,-0.3789999932050705,0.5853333274523417,1522958782.5,647229.5134552564,4185882.1298852805,1522958782.5,2018-04-05 20:06:22.500,-0.25675178441209545,-0.5308398586574724,0.2598616780284908,0.49137717456946595,-0.001505028927879376,0.0012948423990001429,-4.5459049570359715,-1.2554136919374916
647229.7688866722,4185882.3477762816,83.26364888419648,2.651666666666667,2.651666666666667,2.65,-0.3193233323069635,0.38341074258744456,-0.4809999912977218,0.5370000004768372,1522958782.5,647230.0243180881,4185882.565667283,1522958782.5,2018-04-05 20:06:22.500,-0.2561327436380788,-0.5315770671226295,0.2660164811518677,0.5026168681128818,0.0015429009169288799,0.0011429456638308577,-4.592970400359695,-1.255632869010195
647230.2797495038,4185882.783558284,83.93512992356735,2.7100000000000004,2.7100000000000004,2.7133333333333334,-0.321231481053487,0.5163555543455816,-0.341499999165535,0.7249999940395355,1522958782.5,647230.5351809196,4185883.001449286,1522958782.5,2018-04-05 20:06:22.500,-0.2576967701088721,-0.529354858552451,0.2761234286672211,0.512286305804571,0.003964786860251604,0.0016810603058422802,-4.63055512317923,-1.2558259932622122
647230.7906123353,4185883.2193402876,84.60661096284963,2.74,2.74,2.7433333333333336,-0.2847750881706837,0.5227724013576373,-0.341499999165535,0.7249999940395355,1522958782.5,647231.0460437511,4185883.437231288,1522958782.5,2018-04-05 20:06:22.500,-0.25986337088180317,-0.5300456038330522,0.28441870360229105,0.5211550063030971,0.0047035589846763926,0.002688220259192242,-4.65932741578021,-1.2560446303454376
647231.3014751668,4185883.655122288,85.27809200213194,2.785,2.785,2.7883333333333327,-0.3227140357384557,0.4979880681496701,-0.16449999809265134,0.7655000090599059,1522958782.5,647231.5569065826,4185883.8730132896,1522958782.5,2018-04-05 20:06:22.500,-0.26245788244680013,-0.5328049477725337,0.2914274413491213,0.5294550730543228,0.004918298287022921,0.002461009786515478,-4.681841668503863,-1.2562813850549048
647231.8123379983,4185884.0909042913,85.94957304141424,2.848333333333333,2.848333333333333,2.853333333333333,-0.3312042108047428,0.4803431549354609,-0.4110000133514404,0.3529999852180481,1522958782.5,647232.067769414,4185884.308795292,1522958782.5,2018-04-05 20:06:22.500,-0.26535137771858125,-0.5341693487890888,0.29926222990878876,0.5367693658265941,0.004239353437771001,0.001909386148686243,-4.687163,-1.2564369759969327
647232.3232008299,4185884.5266862926,86.6210540807851,2.885,2.885,2.89,-0.3500259247091084,0.4889148140395133,-0.3073333352804184,0.4765000094970067,1522958782.5,647232.5786322457,4185884.744577294,1522958782.5,2018-04-05 20:06:22.500,-0.2683374105769605,-0.5351020050436681,0.30735268707456426,0.54377855453546,0.004069986941484957,0.0016259127934154516,-4.687163,-1.256567446175218
647232.8340636614,4185884.9624682963,87.29253512015595,2.92,2.92,2.938333333333333,-0.363676668306192,0.4956566668550178,-0.3476666659116745,0.5558333446582159,1522958782.5,647233.0894950773,4185885.1803592965,1522958782.5,2018-04-05 20:06:22.500,-0.2713234434353397,-0.5360346612982475,0.3154431442403398,0.550787743244326,0.004278124357385352,0.0014785456225787919,-4.687163,-1.2566979163535035
647233.3449264931,4185885.3982502967,87.96401615943827,2.9716666666666662,2.9716666666666662,2.99,-0.3266000016282003,0.4963833339512355,-0.3613333354393641,0.5465000023444494,1522958782.5,647233.6003579088,4185885.616141299,1522958782.5,2018-04-05 20:06:22.500,-0.2735975630776708,-0.5367106426190529,0.3227326586315353,0.5577908739812281,0.004393154551274522,0.001442288659527502,-4.692155940669036,-1.2568355501725899
647233.8557893244,4185885.8340323004,88.63549719872057,2.99,2.99,3.0066666666666664,-0.32598333420852865,0.4653333338598414,-0.3908333381017049,0.5239999939997991,1522958782.5,647234.1112207402,4185886.051923301,1522958782.5,2018-04-05 20:06:22.500,-0.27459114262452766,-0.5369249348797357,0.32858149273488513,0.5647831080599356,0.004330862113579539,0.0016176410004647979,-4.706129836579578,-1.256986069451726
647234.3666521561,4185886.2698143017,89.30697823800286,3.03,3.03,3.06,-0.3415166685202469,0.4774250011891134,-0.39100001007318497,0.5214999963839849,1522958782.5,647234.6220835719,4185886.4877053034,1522958782.5,2018-04-05 20:06:22.500,-0.2755847221716504,-0.5371392271409787,0.3344303268385443,0.5717753421394399,0.004033222483921489,0.0017081406888669881,-4.7201037324946125,-1.2571365887308819
647234.8775149876,4185886.705596305,89.97845927737372,3.0533333333333337,3.0533333333333337,3.083333333333333,-0.3464666694402701,0.4954500018308556,-0.3483333413799604,0.5016666650772095,1522958782.5,647235.1329464035,4185886.9234873056,1522958782.5,2018-04-05 20:06:22.500,-0.27657830171877323,-0.5373535194022216,0.3402791609422035,0.5787675762189443,0.003433964767277267,0.0018834433293071773,-4.734077628409647,-1.2572871080100376
647235.3883778192,4185887.141378306,90.64994031674458,3.065,3.065,3.0966666666666662,-0.3502166678508126,0.5014333327611286,-0.3681666702032089,0.5436666558186213,1522958782.5,647235.643809235,4185887.359269308,1522958782.5,2018-04-05 20:06:22.500,-0.2775718812656301,-0.5375678116629046,0.34612799504555336,0.5857598102976518,0.002768281972759884,0.0023657072516551914,-4.748051524320189,-1.2574376272891739
647235.8992406507,4185887.5771603095,91.32142135602687,3.11,3.11,3.1300000000000003,-0.3293333317040273,0.5246515152129261,-0.3690000002582868,0.5138333340485891,1522958782.5,647236.1546720664,4185887.79505131,1522958782.5,2018-04-05 20:06:22.500,-0.2785654608124869,-0.5377821039235873,0.3519768291489032,0.5927520443763594,0.0019177832656039756,0.0028179435305114575,-4.762025420230732,-1.25758814656831
647236.4101034822,4185888.0129423114,91.99290239530916,3.1216666666666666,3.1216666666666666,3.1016666666666666,-0.3693787886083801,0.5648484844149967,-0.42283333589633293,0.5850000033775965,1522958782.5,647236.6655348979,4185888.2308333125,1522958782.5,2018-04-05 20:06:22.500,-0.27952543477886616,-0.5381516931348335,0.3575133890150864,0.5996935422423054,0.000741513759966575,0.0031448022103322537,-4.777683813085315,-1.2577428451809487
647236.9209663138,4185888.4487243136,92.66438343468005,3.15,3.15,3.1283333333333334,-0.3497878798481189,0.5548939422676057,-0.3884999950726827,0.6421666741371155,1522958782.5,647237.1763977295,4185888.666615315,1522958782.5,2018-04-05 20:06:22.500,-0.2800979062092879,-0.5403119957149505,0.3594491463607005,0.6060500059913808,-0.00034203245871994303,0.003472362207443458,-4.81276596916466,-1.257945735263862
647237.4318291453,4185888.8845063164,93.33586447405091,3.16,3.16,3.1316666666666664,-0.3610454548263188,0.5369696973851236,-0.4199999968210856,0.5656666656335195,1522958782.5,647237.6872605612,4185889.102397318,1522958782.5,2018-04-05 20:06:22.500,-0.28067037763869374,-0.5424722982932519,0.3613849037099194,0.6124064697469529,-0.00047598828204852006,0.003954205250806253,-4.84784812526407,-1.2581486253469931
647237.942691977,4185889.3202883196,94.0073455133332,3.178333333333333,3.178333333333333,3.1749999999999994,-0.3804545451068519,0.5367575737111502,-0.4366666624943416,0.5469999959071478,1522958782.5,647238.1981233926,4185889.53817932,1522958782.5,2018-04-05 20:06:22.500,-0.2812428490693847,-0.5446326008735908,0.36332066105367433,0.618762933492024,-0.00011657301865286573,0.004016652084292804,-4.882930281327527,-1.2583515154297746
647238.4535548083,4185889.75607032,94.67882655261549,3.225,3.225,3.216666666666667,-0.391500000700807,0.5954090903202691,-0.4038333371281624,0.5621666560570399,1522958782.5,647238.7089862241,4185889.9739613216,1522958782.5,2018-04-05 20:06:22.500,-0.2818153205000756,-0.5467929034539296,0.3652564183974294,0.6251193972370952,0.0006513245719825533,0.0033976776480540705,-4.918012437390981,-1.2585544055125562
647238.96441764,4185890.1918523232,95.35030759198635,3.236666666666667,3.236666666666667,3.231666666666667,-0.3812727286960141,0.5923787897283384,-0.3451666707793872,0.5598333229621252,1522958782.5,647239.2198490559,4185890.409743324,1522958782.5,2018-04-05 20:06:22.500,-0.2823877919307361,-0.5489532060347325,0.3671921757431002,0.6314758609869263,0.0018371156578966263,0.0023000609712658937,-4.953094593476179,-1.2587572955954924
647239.4752804716,4185890.627634325,96.02178863135721,3.25,3.25,3.271666666666667,-0.3814848486446972,0.5326212123036386,-0.4586666623751322,0.5818333253264427,1522958782.5,647239.7307118874,4185890.8455253267,1522958782.5,2018-04-05 20:06:22.500,-0.2841628759385064,-0.5499689081983966,0.37140645611472517,0.6357530546579059,0.003043999122586863,0.001182369379298026,-4.962879,-1.2589022762005508
647239.9861433031,4185891.0634163283,96.69326967063951,3.273333333333333,3.273333333333333,3.2900000000000005,-0.4498787888071756,0.4755151504368497,-0.4428333342075348,0.5014999980727831,1522958782.5,647240.2415747188,4185891.2813073285,1522958782.5,2018-04-05 20:06:22.500,-0.2864030942195267,-0.5505419134466301,0.3765020004641504,0.639226049369768,0.004045420631784508,0.00026022857713289826,-4.962879,-1.2590248591659787
647240.4970061346,4185891.4991983287,97.3647507099218,3.275,3.275,3.275,-0.4625151532165934,0.4754545426729961,-0.4038333346446355,0.5408333241939545,1522958782.5,647240.7524375503,4185891.717089331,1522958782.5,2018-04-05 20:06:22.500,-0.28864331250051606,-0.5511149186935018,0.3815975448162817,0.642699044084054,0.004835367383427963,-0.00046063868137552477,-4.962879,-1.2591474421314925
647241.0078689661,4185891.9349803324,98.0362317492041,3.276666666666667,3.276666666666667,3.285,-0.41668181866407394,0.5105606055620947,-0.461666668454806,0.5823333263397217,1522958782.5,647241.2633003818,4185892.152871333,1522958782.5,2018-04-05 20:06:22.500,-0.2908835307815054,-0.5516879239403737,0.38669308916841305,0.6461720387983398,0.004972237321525061,-0.0002532798448655893,-4.962879000000001,-1.2592700250970066
647241.5187317976,4185892.3707623337,98.7077127884864,3.2816666666666667,3.2816666666666667,3.28,-0.3773484855438725,0.5550606083689321,-0.4438333362340927,0.6069999933242798,1522958782.5,647241.7741632133,4185892.5886533353,1522958782.5,2018-04-05 20:06:22.500,-0.29312374906249467,-0.5522609291872455,0.3917886335205443,0.6496450335126258,0.004995056673970696,7.86698526886731e-05,-4.962879000000001,-1.2593926080625202
647242.0295946292,4185892.806544337,99.37919382785726,3.3000000000000003,3.3000000000000003,3.2966666666666664,-0.41024242395704463,0.5506545435750124,-0.4603333324193954,0.5909999956687292,1522958782.5,647242.285026045,4185893.024435337,1522958782.5,2018-04-05 20:06:22.500,-0.29536396734454917,-0.5528339344363209,0.3968841778711377,0.6531180282250371,0.0039585750386452595,-5.180600202944752e-05,-4.962879,-1.2595151910279672
647242.5404574609,4185893.2423263374,100.05067486722812,3.33,3.33,3.3166666666666664,-0.4557954536920243,0.5652575716376302,-0.5568333317836126,0.5663333286841711,1522958782.5,647242.7958888765,4185893.46021734,1522958782.5,2018-04-05 20:06:22.500,-0.2976041856255075,-0.5534069396818309,0.40197972222597506,0.6565910229417469,0.001180810903029142,-0.0007835662406971144,-4.962879,-1.2596377739935671
647243.0513202922,4185893.678108342,100.72215590651042,3.3266666666666667,3.3266666666666667,3.306666666666666,-0.4696590898163394,0.5566666659080621,-0.5274999986092249,0.5356666694084803,1522958782.5,647243.306751708,4185893.8959993427,1522958782.5,2018-04-05 20:06:22.500,-0.29984440390646583,-0.553979944927341,0.40707526658081244,0.6600640176584565,-0.002354971652775456,-0.0017974236153755763,-4.962879000000001,-1.2597603569591669
647243.5621831239,4185894.1138903433,101.39363694579271,3.3200000000000003,3.3200000000000003,3.3000000000000003,-0.4887361075315221,0.5431388902167484,-0.5361666629711787,0.5696666687726974,1522958782.5,647243.8176145396,4185894.3317813445,1522958782.5,2018-04-05 20:06:22.500,-0.2990427641529863,-0.5536186734965091,0.40827778201862197,0.6634290156974556,-0.005842623900027363,-0.0027367764609377843,-4.982463086766171,-1.2598744843823353
647244.0730459554,4185894.549672346,102.06511798516357,3.311666666666666,3.311666666666666,3.3016666666666663,-0.4782222198943304,0.5441111119257084,-0.5356666594743729,0.5775000005960464,1522958782.5,647244.3284773713,4185894.767563347,1522958782.5,2018-04-05 20:06:22.500,-0.29501514727230943,-0.5526829471561896,0.4050567265449138,0.6667199662199134,-0.008444334628664063,-0.003328967405422545,-5.025780290113599,-1.2599771244658284
647244.583908787,4185894.985454348,102.73659902453444,3.2883333333333336,3.2883333333333336,3.2533333333333334,-0.4669583323929046,0.5434305568536124,-0.4416666602094968,0.5879999995231628,1522958782.5,647244.8393402027,4185895.2033453495,1522958782.5,2018-04-05 20:06:22.500,-0.2909875303887889,-0.5517472208121353,0.4018356710712728,0.6700109167443177,-0.009727910347296934,-0.0037967272308708777,-5.069097493466931,-1.260079764549399
647245.0947716185,4185895.421236351,103.40808006381674,3.283333333333333,3.283333333333333,3.266666666666667,-0.4137916666352088,0.5634305539230509,-0.3816666677594185,0.5999999940395355,1522958782.5,647245.3502030342,4185895.6391273513,1522958782.5,2018-04-05 20:06:22.500,-0.28695991351146893,-0.5508114944745893,0.398614615598731,0.6733018672642772,-0.010424566502660937,-0.004132362258404271,-5.112414696794258,-1.2601824046328036
647245.60563445,4185895.857018352,104.07956110309904,3.2783333333333338,3.2783333333333338,3.2233333333333327,-0.4013888894890745,0.5368333309888845,-0.4388333410024643,0.5893333305915197,1522958782.5,647245.8610658657,4185896.0749093536,1522958782.5,2018-04-05 20:06:22.500,-0.2829322966310487,-0.549875768133789,0.39539356012563964,0.676592817786459,-0.011121222657777236,-0.004467997286354303,-5.155731900134588,-1.2602850447162912
647246.1164972816,4185896.292800355,104.7510421424699,3.27,3.27,3.2133333333333334,-0.4470138914055295,0.5193749993211695,-0.5346666773160299,0.5336666603883108,1522958782.5,647246.3719286973,4185896.510691356,1522958782.5,2018-04-05 20:06:22.500,-0.27890467975037175,-0.5489400417934696,0.3921725046519315,0.6798837683089167,-0.01179658873502512,-0.004620180372488264,-5.1990491034820145,-1.2603876847997841
647246.6273601131,4185896.728582357,105.42252318184076,3.2533333333333334,3.2533333333333334,3.1983333333333337,-0.45654166862368606,0.5398333316875832,-0.5548333376646042,0.5723333259423574,1522958782.5,647246.882791529,4185896.946473358,1522958782.5,2018-04-05 20:06:22.500,-0.2748770628696948,-0.5480043154531502,0.3889514491782233,0.6831747188313747,-0.011659153245751078,-0.004449519416398706,-5.242366306829443,-1.2604903248832775
647247.1382229448,4185897.16436436,106.09400422112307,3.245000000000001,3.245000000000001,3.2000000000000006,-0.4662500007285019,0.546375000642406,-0.4889999975760778,0.5836666574080785,1522958782.5,647247.3936543604,4185897.3822553605,1522958782.5,2018-04-05 20:06:22.500,-0.27084944598927463,-0.5470685891123501,0.38573039370513196,0.6864656693535566,-0.010412840360245992,-0.004314972723618166,-5.285683510169773,-1.260592964966765
647247.6490857761,4185897.600146361,106.76548526040537,3.2383333333333333,3.2383333333333333,3.1950000000000003,-0.5022361081921393,0.5306250026656526,-0.4906666626532872,0.5744999945163727,1522958782.5,647247.9045171919,4185897.818037363,1522958782.5,2018-04-05 20:06:22.500,-0.2668218291088543,-0.5461328627715498,0.38250933823204053,0.6897566198757383,-0.009086805155152006,-0.004554091752517864,-5.329000713510101,-1.2606956050502525
647248.1599486078,4185898.035928365,107.43696629968764,3.235,3.235,3.2000000000000006,-0.5029305546647977,0.5696388917664688,-0.5358333289623259,0.6088333378235499,1522958782.5,647248.4153800234,4185898.253819365,1522958782.5,2018-04-05 20:06:22.500,-0.26633879182997244,-0.5471980889745602,0.37987409852600557,0.6903017989188989,-0.007760769950057922,-0.0047932107814175895,-5.346981722640176,-1.2608100655798244
647248.6708114389,4185898.4717103657,108.10844733896995,3.233333333333334,3.233333333333334,3.1950000000000003,-0.5139861123429403,0.5490138903260234,-0.5730000038941702,0.6065000096956888,1522958782.5,647248.9262428549,4185898.6896013673,1522958782.5,2018-04-05 20:06:22.500,-0.2668630271762287,-0.5488319311907943,0.37740533164661383,0.6900667047684476,-0.006351327490696765,-0.0050141692216569,-5.35776287798728,-1.2609278851570396
647249.1816742708,4185898.907492369,108.7799283783408,3.2383333333333333,3.2383333333333333,3.1933333333333334,-0.5014242444074516,0.5415454515905095,-0.5386666705211004,0.5230000019073486,1522958782.5,647249.4371056866,4185899.125383369,1522958782.5,2018-04-05 20:06:22.500,-0.26738726252339345,-0.5504657734102965,0.37493656476626064,0.6898316106176261,-0.00447316667299269,-0.004344784499017873,-5.368544033347578,-1.2610457047341772
647249.6925371024,4185899.3432743694,109.4514094177117,3.2466666666666675,3.2466666666666675,3.2383333333333333,-0.4919696978547356,0.5498333306926668,-0.5011666715145111,0.6074999918540319,1522958782.5,647249.9479685181,4185899.5611653714,1522958782.5,2018-04-05 20:06:22.500,-0.26791149786964963,-0.5520996156265305,0.3724677978868688,0.6895965164671747,-0.0035864906721404383,-0.0045981617515626905,-5.379325188694683,-1.2611635243113923
647250.2033999339,4185899.7790563735,110.12289045699396,3.25,3.25,3.251666666666667,-0.4757878793911503,0.546121213923802,-0.4871666679779689,0.5505000005165736,1522958782.5,647250.4588313496,4185899.996947374,1522958782.5,2018-04-05 20:06:22.500,-0.2680616594952117,-0.5527600122645261,0.370464798732779,0.68946283575087,-0.0033750765343354694,-0.006608761279423614,-5.387248714978147,-1.2612798212136993
647250.7142627655,4185900.214838375,110.79437149636485,3.25,3.25,3.248333333333333,-0.4743030276713951,0.5251212113282901,-0.4816666593154271,0.4996666709582011,1522958782.5,647250.9696941812,4185900.4327293765,1522958782.5,2018-04-05 20:06:22.500,-0.2651359649203323,-0.5454161614774269,0.3722916183253519,0.6901630364936513,-0.002162053760564317,-0.00854300697265764,-5.371675118691121,-1.2613835977781178
647251.225125597,4185900.650620378,111.46585253573568,3.25,3.25,3.2416666666666667,-0.4708787875645093,0.5252424209858438,-0.45083333551883703,0.5486666609843572,1522958782.5,647251.4805570128,4185900.8685113788,1522958782.5,2018-04-05 20:06:22.500,-0.26221027034545297,-0.5380723106903275,0.3741184379179248,0.6908632372364326,0.0004791546345144365,-0.008190169361858068,-5.356101522404092,-1.261487374342536
647251.7359884287,4185901.0864023794,112.137333575018,3.245,3.245,3.248333333333333,-0.4872196982755807,0.5017499966603336,-0.5116666754086813,0.5503333210945129,1522958782.5,647251.9914198443,4185901.304293381,1522958782.5,2018-04-05 20:06:22.500,-0.2592845757709503,-0.5307284599040302,0.37594525751029334,0.691563437979145,0.00297107017763934,-0.007869399691655926,-5.340527926117924,-1.2615911509069495
647252.24685126,4185901.522184383,112.80881461430029,3.2549999999999994,3.2549999999999994,3.266666666666667,-0.4887878806753591,0.4996666648622722,-0.522666667898496,0.6076666762431463,1522958782.5,647252.5022826758,4185901.7400753843,1522958782.5,2018-04-05 20:06:22.500,-0.25635888119372774,-0.5233846091095604,0.3777720771046501,0.6922636387227094,0.004538565711088988,-0.007749907616437429,-5.324954329806545,-1.2616949274715397
647252.7577140917,4185901.957966385,113.4802956538848,3.263333333333333,3.263333333333333,3.2716666666666665,-0.4568636337238738,0.4738333329106828,-0.45466666420300794,0.5091666777928671,1522958782.5,647253.0131455075,4185902.1758573856,1522958782.5,2018-04-05 20:06:22.500,-0.2543609356413683,-0.5140559967480707,0.38284626308626835,0.6932113901216341,0.0058725240722232105,-0.007179143302305152,-5.278400466789837,-1.261800217241682
647253.2685769233,4185902.3937483868,114.15177669304205,3.27,3.27,3.2616666666666667,-0.4435757566807853,0.4865454557267104,-0.3834999899069469,0.525666669011116,1522958782.5,647253.524008339,4185902.611639388,1522958782.5,2018-04-05 20:06:22.500,-0.2532265294777575,-0.502879988403564,0.390943064813141,0.6943895591652743,0.0057112788309042345,-0.007987982477926786,-5.203010485257304,-1.261906915488712
647253.7794397548,4185902.8295303886,114.82325773232435,3.2683333333333335,3.2683333333333335,3.248333333333333,-0.41665151624968616,0.4965606056379554,-0.35883333285649616,0.5748333334922789,1522958782.5,647254.0348711705,4185903.04742139,1522958782.5,2018-04-05 20:06:22.500,-0.2520921233141466,-0.49170398005905747,0.3990398665400136,0.6955677282089145,0.0038387521096268362,-0.009411484571113071,-5.127620503724769,-1.2620136137357416
647254.2903025863,4185903.265312392,115.49473877160663,3.263333333333333,3.263333333333333,3.2433333333333336,-0.4089090932499278,0.4635454535935866,-0.4376666744550069,0.5699999928474426,1522958782.5,647254.545734002,4185903.4832033925,1522958782.5,2018-04-05 20:06:22.500,-0.24705653458316867,-0.4761534108250449,0.40636689449362556,0.6962193742561944,0.001966225388349424,-0.01083498666429937,-5.042118664662416,-1.2621327509452618
647254.8011654178,4185903.701094393,116.16621981088892,3.2533333333333334,3.2533333333333334,3.2266666666666666,-0.38543939579165376,0.4521515154928869,-0.3863333364327749,0.4771666626135509,1522958782.5,647255.0565968335,4185903.9189853948,1522958782.5,2018-04-05 20:06:22.500,-0.2407569217438471,-0.4600683578206144,0.41253599167927457,0.6967421071136493,0.00015256071109157054,-0.009937746498908148,-4.962879000000001,-1.2622583885000107
647255.3120282494,4185904.136876397,116.8377008502598,3.24,3.24,3.2133333333333334,-0.4249393938843047,0.5167121200850513,-0.4170000006755193,0.4915000001589458,1522958782.5,647255.5674596652,4185904.354767397,1522958782.5,2018-04-05 20:06:22.500,-0.23728227715079836,-0.4538079894928765,0.4124125914693208,0.6979604090032966,-0.0014812410198863438,-0.00833353098959383,-4.962879,-1.2623936415393873
647255.822891081,4185904.5726583977,117.50918188963064,3.226666666666667,3.226666666666667,3.1966666666666668,-0.4770606029214279,0.5014393925666805,-0.4913333306709926,0.5351666609446207,1522958782.5,647256.0783224967,4185904.7905493993,1522958782.5,2018-04-05 20:06:22.500,-0.2338076325579396,-0.4475476211660265,0.41228919125897906,0.6991787108924807,-0.0032292464183113836,-0.008113296161459463,-4.962879,-1.262528894578744
647256.3337539126,4185905.0084404014,118.18066292921516,3.2233333333333336,3.2233333333333336,3.1983333333333333,-0.4438787856788347,0.4874696966373564,-0.5373333195845286,0.5059999922911326,1522958782.5,647256.5891853285,4185905.2263314025,1522958782.5,2018-04-05 20:06:22.500,-0.2303329879583562,-0.4412872528290732,0.4121657910469426,0.7003970127825603,-0.006741436448409112,-0.008593826526499343,-4.962879,-1.2626641476183156
647256.8446167442,4185905.444222403,118.85214396867458,3.2266666666666666,3.2266666666666666,3.1933333333333334,-0.4392575745781268,0.4891818179325626,-0.4593333254257838,0.5190000037352244,1522958782.5,647257.10004816,4185905.6621134044,1522958782.5,2018-04-05 20:06:22.500,-0.2268583433687648,-0.43502688450683097,0.41204239083764227,0.7016153146715285,-0.009887112513653068,-0.009970144095272138,-4.962879,-1.262799400657575
647257.3554795758,4185905.8800044055,119.52362500804544,3.2150000000000003,3.2150000000000003,3.1849999999999987,-0.4123939352505138,0.5028484863313759,-0.4659999956687291,0.6028333306312561,1522958782.5,647257.6109109917,4185906.097895407,1522958782.5,2018-04-05 20:06:22.500,-0.22338369877244868,-0.42876651617448536,0.41191899062664705,0.7028336165613919,-0.010381191159913726,-0.011501754249841484,-4.962879,-1.262934653697049
647257.8663424075,4185906.3157864083,120.1951060474163,3.2150000000000003,3.2150000000000003,3.1899999999999995,-0.4066969666517144,0.492712121795525,-0.4619999974966049,0.6033333291610082,1522958782.5,647258.1217738233,4185906.5336774094,1522958782.5,2018-04-05 20:06:22.500,-0.21450045290874306,-0.42035619343694686,0.40325038432622723,0.701228645010208,-0.010388228664991402,-0.013302465794579457,-5.114991278606433,-1.2629008094203094
647258.377205239,4185906.75156841,120.86658708678715,3.2100000000000004,3.2100000000000004,3.19,-0.4074848474878259,0.4696060583898515,-0.4658333311478297,0.5026666621367136,1522958782.5,647258.6326366549,4185906.969459411,1522958782.5,2018-04-05 20:06:22.500,-0.20591637384570208,-0.4093969708657777,0.3988451105801892,0.698807001214883,-0.009207728615679756,-0.015130863522416743,-5.173935058470315,-1.2630065316760577
647258.8880680706,4185907.1873504124,121.53806812615801,3.1966666666666668,3.1966666666666668,3.203333333333333,-0.4150757568352148,0.4672272720120169,-0.4309999942779541,0.4948333352804184,1522958782.5,647259.1434994864,4185907.405241414,1522958782.5,2018-04-05 20:06:22.500,-0.20747289977249658,-0.3978088239123158,0.4110796719570421,0.700837352543406,-0.002647019886154893,-0.015057883206500394,-4.967547889185144,-1.2635858301115477
647259.3989309022,4185907.623132415,122.20954916583106,3.19,3.19,3.2066666666666666,-0.4078939408063888,0.5022575755914058,-0.3583333343267441,0.4821666677792867,1522958782.5,647259.6543623181,4185907.8410234163,1522958782.5,2018-04-05 20:06:22.500,-0.20542033385750214,-0.3849232655571785,0.41907931093985473,0.701173553155586,-0.00032800915470070774,-0.014077927428476175,-4.840033950003507,-1.2640605228962343
647259.909793734,4185908.058914417,122.88103020529051,3.178333333333333,3.178333333333333,3.205,-0.4214848492181661,0.4991666688160465,-0.3850000003973643,0.4128333379824956,1522958782.5,647260.1652251498,4185908.2768054185,1522958782.5,2018-04-05 20:06:22.500,-0.20004194468577774,-0.37100402327994775,0.4223004749217333,0.6999027016550816,0.0009234212064111805,-0.013380957129329504,-4.7901579055239765,-1.2644340025671301
647260.4206565656,4185908.49469642,123.5525112446614,3.1733333333333333,3.1733333333333333,3.191666666666667,-0.4103181820475696,0.5003181831403216,-0.3753333340088527,0.4463333338499069,1522958782.5,647260.6760879813,4185908.7125874213,1522958782.5,2018-04-05 20:06:22.500,-0.19466355551144576,-0.35708478099931906,0.4255216389016856,0.6986318501541637,0.0026329780197030667,-0.012683565814124484,-4.740281861046281,-1.264807482238093
647260.9315193972,4185908.9304784224,124.22399228403224,3.148333333333333,3.148333333333333,3.171666666666667,-0.4558560622460917,0.4654469729372954,-0.43099999676148104,0.4878333359956741,1522958782.5,647261.1869508129,4185909.148369423,1522958782.5,2018-04-05 20:06:22.500,-0.19028849513684593,-0.3471085745326794,0.4233144566399738,0.6972916128833323,-0.0048275927968104634,-0.013743452068154652,-4.719068606347678,-1.265055084269331
647261.4423822287,4185909.366260424,124.89547332340312,3.135,3.135,3.146666666666667,-0.4373242438516836,0.4506151523102415,-0.4651666680971782,0.4618333329757055,1522958782.5,647261.6978136445,4185909.584151425,1522958782.5,2018-04-05 20:06:22.500,-0.18606316936768658,-0.33772081814752075,0.42029715979918386,0.6959410206310233,-0.014576196160229607,-0.015967118181087925,-4.702132924010919,-1.2652839005956187
647261.9532450604,4185909.802042426,125.56695436277396,3.111666666666667,3.111666666666667,3.1183333333333336,-0.3633333332836632,0.42919999957084654,-0.3788333336512248,0.3863333314657211,1522958782.5,647262.2086764761,4185910.0199334277,1522958782.5,2018-04-05 20:06:22.500,-0.18033276394613018,-0.3280472290984238,0.4147731534691341,0.6938353972794672,-0.02679662239010712,-0.019050865200982398,-4.722941646377491,-1.265459076022738
647262.4641078919,4185910.237824429,126.23843540205624,3.083333333333333,3.083333333333333,3.0849999999999995,-0.36215000003576303,0.4712999989589056,-0.4114999994635582,0.505333329240481,1522958782.5,647262.7195393078,4185910.4557154304,1522958782.5,2018-04-05 20:06:22.500,-0.1631406608437398,-0.3161969263833773,0.3901596946920032,0.6859799531731665,-0.03034363027228123,-0.02075455101449432,-5.03118695552613,-1.2652257576036934
647262.9749707235,4185910.673606432,126.90991644142713,3.0683333333333334,3.0683333333333334,3.075,-0.3521333336830142,0.4362666666507724,-0.3856666659315427,0.4993333369493485,1522958782.5,647263.2304021392,4185910.891497433,1522958782.5,2018-04-05 20:06:22.500,-0.1459485577425433,-0.30434662366927057,0.3655462359170044,0.67812450906751,-0.03071631763388411,-0.021232790474400506,-5.339432264651741,-1.264992439184664
647263.485833555,4185911.109388434,127.58139748070944,3.035,3.035,3.0283333333333338,-0.33570000231266023,0.45000000422199576,-0.3048333376646042,0.4408333400885264,1522958782.5,647263.7412649707,4185911.3272794345,1522958782.5,2018-04-05 20:06:22.500,-0.13629586774653699,-0.29341723403127973,0.36250455379628466,0.6735290939359017,-0.030384817773464204,-0.018551353357005168,-5.378659013476367,-1.2650731571429665
647263.9966963866,4185911.545170435,128.25287852008026,3.0116666666666667,3.0116666666666667,3.0016666666666665,-0.34166666877766483,0.468549999346336,-0.3466666713356972,0.4533333405852318,1522958782.5,647264.2521278025,4185911.763061437,1522958782.5,2018-04-05 20:06:22.500,-0.12924968926616517,-0.28218325493570673,0.36222371516451435,0.6689171802570625,-0.025863421272231187,-0.016148653892850952,-5.351350536870814,-1.2652508889791534
647264.5075592183,4185911.980952438,128.92435955945118,2.9733333333333336,2.9733333333333336,2.978333333333333,-0.35371633898101595,0.4858372558614396,-0.4079999923706055,0.5320000052452087,1522958782.5,647264.762990634,4185912.198843439,1522958782.5,2018-04-05 20:06:22.500,-0.12641344073015434,-0.2674386846342551,0.3436428196636288,0.6587374570273372,-0.026822025388050275,-0.015055151658002454,-5.34483652599936,-1.2655293269141055
647265.0184220496,4185912.4167344407,129.59584059873347,2.541666666666667,2.541666666666667,2.553333333333334,-0.31856121895596023,0.4028596155321563,-0.09399999678134917,0.05400000140070915,1522958782.5,647265.2738534654,4185912.6346254414,1522958782.5,2018-04-05 20:06:22.500,-0.11931290637855894,-0.2530640189610698,0.32432494832380265,0.6533035726474716,-0.032696654936435046,-0.015366499399012815,-5.277687212541951,-1.2660465968489985
647265.5292848813,4185912.8525164425,130.26732163810428,2.4966666666666666,2.4966666666666666,2.4883333333333333,-0.3273766002737176,0.3935112199555033,-0.09399999678134917,0.05400000140070915,1522958782.5,647265.7847162972,4185913.0704074437,1522958782.5,2018-04-05 20:06:22.500,-0.10315202425186686,-0.23947529135782597,0.30344122100906606,0.6579531939992493,-0.035730817127259534,-0.015601152253757813,-5.081705791456577,-1.2670713142378893
647266.0401477129,4185913.288298445,130.9388026774752,1.9516666666666664,1.9516666666666664,1.9233333333333336,-0.29860396710619924,0.38794960302877307,-0.1185000017285347,0.10600000433623792,1522958782.5,647266.2955791287,4185913.506189446,1522958782.5,2018-04-05 20:06:22.500,-0.08699114212926887,-0.225886563757072,0.2825574936998241,0.6626028153468176,-0.029781693886174916,-0.014400252590010515,-4.8857243704933975,-1.268096031626327
647266.5510105444,4185913.724080447,131.6102837167575,1.8483333333333332,1.8483333333333332,1.8133333333333328,-0.3012711732631535,0.3305556317344562,-0.1185000017285347,0.10600000433623792,1522958782.5,647266.8064419602,4185913.9419714483,1522958782.5,2018-04-05 20:06:22.500,-0.0708302600066709,-0.21229783615631803,0.26167376639058215,0.6672524366943862,-0.023510826494135488,-0.01407203672546952,-4.68974294953022,-1.269120749014765
647267.0618733759,4185914.15986245,132.28176475634194,1.7300000000000002,1.7300000000000002,1.7066666666666668,-0.2921916654697418,0.3435800501295941,-0.0975000001490116,0.05000000074505806,1522958782.5,647267.3173047916,4185914.3777534505,1522958782.5,2018-04-05 20:06:22.500,-0.06522691099864117,-0.1995986260417437,0.2580249746374744,0.6570638253801468,-0.016766896023588725,-0.01526122231549281,-4.61873714033551,-1.2693600564557028
647267.5727362075,4185914.5956444517,132.9532457954992,1.62,1.62,1.596666666666667,-0.2385354174339833,0.38429843680448056,-0.0975000001490116,0.05000000074505806,1522958782.5,647267.8281676234,4185914.813535453,1522958782.5,2018-04-05 20:06:22.500,-0.06045637140075337,-0.18696958369290514,0.2557357255323631,0.6457047304242425,-0.009706919633123996,-0.01848562115841606,-4.557589776632861,-1.269537408439203
647268.0835990392,4185915.031426454,133.62472683478148,1.5416666666666667,1.5416666666666667,1.535,-0.13062272717743525,0.3510065659701899,-0.11400000005960464,0.032000001519918435,1522958782.5,647268.3390304549,4185915.249317455,1522958782.5,2018-04-05 20:06:22.500,-0.05568583180285627,-0.17434054134621074,0.2534464764260478,0.6343456354698962,-0.005856171337745358,-0.023386597686280493,-4.496442413003834,-1.2697147604225552
647268.5944618705,4185915.4672084562,134.2962078740638,1.4266666666666667,1.4266666666666667,1.4166666666666667,-0.1527305999097715,0.3433092887559142,-0.13633333146572113,0.0933333362142245,1522958782.5,647268.8498932864,4185915.6850994574,1522958782.5,2018-04-05 20:06:22.500,-0.05091529220495917,-0.16171149899951637,0.2511572273197324,0.6229865405155499,-0.0058223153570815325,-0.02487604816117172,-4.435295049374807,-1.2698921124059075
647269.1053247022,4185915.9029904585,134.9676889133461,1.3066666666666666,1.3066666666666666,1.285,-0.2492153610760237,0.22821699180366364,-0.10725000128149986,0.1054999977350235,1522958782.5,647269.360756118,4185916.1208814597,1522958782.5,2018-04-05 20:06:22.500,-0.04614475260706673,-0.1490824566517499,0.24886797821401901,0.6116274455604245,-0.006024767065044175,-0.02515518911904694,-4.37414768570897,-1.2700694643893338
647269.6161875337,4185916.3387724613,135.6391699527169,1.2583333333333335,1.2583333333333335,1.24,-0.20837645177068068,0.1277347823051547,-0.10775000229477882,0.08799999952316284,1522958782.5,647269.8716189495,4185916.5566634624,1522958782.5,2018-04-05 20:06:22.500,-0.04137421300405016,-0.13645341429658764,0.2465787291024343,0.6002683505975931,-0.006047225040072997,-0.02477090779571589,-4.3130003221872135,-1.270246816372529
647270.1270503652,4185916.7745544636,136.31065099230145,1.1083333333333332,1.1083333333333332,1.1033333333333333,-0.20424679355421216,0.08788589822032893,-0.0890000001527369,0.05699999816715717,1522958782.5,647270.3824817812,4185916.992445465,1522958782.5,2018-04-05 20:06:22.500,-0.036407151575240826,-0.12355340711883181,0.2445056688507464,0.5897011775600823,-0.006199663145531456,-0.02441256919022515,-4.24761816126511,-1.2704413835304598
647270.6379131972,4185917.2103364663,136.98213203184946,0.9983333333333332,0.9983333333333332,1.0,-0.18576200081035496,0.1342860001896818,-0.08349999925121665,0.1187499980442226,1522958782.5,647270.893344613,4185917.4282274675,1522958782.5,2018-04-05 20:06:22.500,-0.03081964880587333,-0.10979793375714135,0.24311514096926853,0.5816341904713691,-0.009349508000885376,-0.027427660855890917,-4.168866272224121,-1.2706903009168666
647271.1487760288,4185917.646118468,137.65361307130888,0.94,0.94,0.9366666666666664,-0.15757698639044687,0.0965166667762715,-0.10360000059008598,0.08879999928176402,1522958782.5,647271.4042074445,4185917.8640094693,1522958782.5,2018-04-05 20:06:22.500,-0.025232146042358294,-0.09604246040816486,0.24172461309043208,0.5735672033904677,-0.010521374520701215,-0.028726778711837733,-4.09011438320239,-1.2709392183031438
647271.6596388603,4185918.0819004704,138.3250941108934,0.8959999999999999,0.8959999999999999,0.882,-0.12059561341935605,0.1443508773960435,-0.13750000204890964,0.0729999984614551,1522958782.5,647271.9150702762,4185918.299791472,1522958782.5,2018-04-05 20:06:22.500,-0.019765949138446655,-0.0793512781993191,0.23374502811439635,0.5585222824538092,-0.011344746284209907,-0.029616274061425182,-3.9188727142575464,-1.2709902094198444
647272.1705016921,4185918.5176824736,138.99657515044143,0.8875,0.8875,0.8724999999999999,-0.11314034992992356,0.1883421056135966,-0.1333333340783914,0.11466666497290134,1522958782.5,647272.425933108,4185918.7355734743,1522958782.5,2018-04-05 20:06:22.500,-0.014412489171646467,-0.05993176303931997,0.21964183122544695,0.536992342763316,-0.01027701160910117,-0.030757637352782613,-3.661674661528775,-1.2708572556039595
647272.6813645237,4185918.953464475,139.66805618981223,0.865,0.865,0.85,0.045307691495579006,-0.05769230738783687,-0.0070000002160668364,-0.1040000021457672,1522958782.5,647272.9367959395,4185919.1713554766,1522958782.5,2018-04-05 20:06:22.500,-0.01165213629606525,-0.046522390782016976,0.21201320262093473,0.5263480736952735,-0.008716015323231675,-0.029663081102232005,-3.6370036988719256,-1.271001308466256
647273.1922273553,4185919.389246478,140.33953722927166,0.8200000000000001,0.8200000000000001,0.81,0.045307691495579006,-0.05769230738783687,-0.0070000002160668364,-0.1040000021457672,1522958782.5,647273.4476587712,4185919.607137479,1522958782.5,2018-04-05 20:06:22.500,-0.010144301234001285,-0.03601602667970537,0.20751190806678255,0.5209617812048468,-0.004833439508393069,-0.026964760358938127,-3.724647543016911,-1.2712791605843852
647273.703090187,4185919.82502848,141.01101826864257,0.775,0.775,0.76,-0.04222222254611546,-0.036000000093028776,-0.028999999165534977,-0.12200000137090684,1522958782.5,647273.9585216029,4185920.0429194816,1522958782.5,2018-04-05 20:06:22.500,-0.008636466167142056,-0.025509662567832762,0.203010613505048,0.5155754887061641,-0.0009535290836128682,-0.02460305631399478,-3.8122913872588264,-1.2715570127023406
647274.2139530187,4185920.2608104832,141.68249930801338,0.6699999999999999,0.6699999999999999,0.6699999999999999,,,,,1522958782.5,647274.4693844344,4185920.4787014835,1522958782.5,2018-04-05 20:06:22.500,-0.00346940737446615,-0.01531638035433329,0.202247659843632,0.5056510533563119,0.002622856134801673,-0.024263066330171508,-3.7820649973035367,-1.2716972150503052
647274.7248158503,4185920.6965924837,142.35398034738432,0.415,0.415,0.415,,,,,1522958782.5,647274.9802472661,4185920.9144834857,1522958782.5,2018-04-05 20:06:22.500,0.00340848443040671,-0.005269476393052239,0.2032325296081,0.4936048552487645,0.003994397214456729,-0.02592804273445169,-3.6967295729212033,-1.2717730606419146
647275.235678682,4185921.1323744883,143.0254613871459,0.0,0.0,0.415,0.27800000458955765,0.10500000417232516,0.3230000138282776,0.13600000739097595,1522958782.5,,,,,,,,,,,,
