x,y,tnum,x_sd,y_sd,num_rx,x_m,y_m,tnum_m,time_m,model_vor_top1m,model_u_top1m,model_v_top1m,model_vor_top2m,model_u_top2m,model_v_top2m,model_vor_davg,model_u_davg,model_v_davg,model_z_eta,model_z_bed
647303.492160087,4185891.39908392,1521964562.65869,9.38213362326753,11.2776322585931,2,647303.492015027,4185891.39939621,1521964564.64297,2018-03-25 07:56:04.642970,-0.0003057038936812277,0.009497084654149904,0.0029490430641257235,-0.0003057038936812277,0.009497084654149904,0.0029490430641257235,-0.0003057038936812277,0.009497084654149904,0.0029490430641257235,-1.7133053474932871,-1.7337811409850028
647303.4918699671,4185891.3997085,1521964566.62725,9.32113207335357,11.2269231735915,1,647303.4913351135,4185891.40074322,1521964571.660145,2018-03-25 07:56:11.660145,-0.00030570354497050877,0.009497176085554846,0.0029490714554858523,-0.00030570354497050877,0.009497176085554846,0.0029490714554858523,-0.00030570354497050877,0.009497176085554846,0.0029490714554858523,-1.7133059669083126,-1.7337819556014353
647303.49080026,4185891.40177794,1521964576.6930401,9.16460186288432,11.0972679364046,1,647303.4899979804,4185891.4033300197,1521964584.242375,2018-03-25 07:56:24.242375,-0.0003057028665056172,0.009497313186699049,0.002949114028253509,-0.0003057028665056172,0.009497313186699049,0.002949114028253509,-0.0003057028665056172,0.009497313186699049,0.002949114028253509,-1.7133068957194666,-1.7337831771165706
647303.489195701,4185891.4048821,1521964591.79171,8.92465406290811,10.899892117806099,1,647303.4886609515,4185891.40591665,1521964596.82421,2018-03-25 07:56:36.824210,-0.0003057021880898238,0.009497450299157726,0.0029491566045345458,-0.0003057021880898238,0.009497450299157726,0.0029491566045345458,-0.0003057021880898238,0.009497450299157726,0.0029491566045345458,-1.7133078246072726,-1.7337843987325132
647303.488126202,4185891.4069512,1521964601.85671,8.76104711169629,10.766307476245403,1,647303.4878589425,4185891.4074682854,1521964604.372525,2018-03-25 07:56:44.372525,-0.0003057017811389474,0.009497532586777137,0.002949182156558364,-0.0003057017811389474,0.009497532586777137,0.002949182156558364,-0.0003057017811389474,0.009497532586777137,0.002949182156558364,-1.7133083820764254,-1.7337851318815551
647303.4875916829,4185891.40798537,1521964606.88834,8.67810014456848,10.698901071503402,2,647303.4873106559,4185891.4084989903,1521964609.404645,2018-03-25 07:56:49.404645,-0.00030570150646310726,0.00949756822302918,0.002949193222358633,-0.00030570150646310726,0.00949756822302918,0.002949193222358633,-0.00030570150646310726,0.00949756822302918,0.002949193222358633,-1.7133086234992714,-1.7337854493859897
647303.487029629,4185891.40901261,1521964611.92095,8.59433434174695,10.63105419879,1,647303.4867480495,4185891.409527125,1521964614.4393,2018-03-25 07:56:54.439300,-0.0003057012280793855,0.0094975845604744,0.0029491982954764646,-0.0003057012280793855,0.0094975845604744,0.0029491982954764646,-0.0003057012280793855,0.0094975845604744,0.0029491982954764646,-1.713308734179612,-1.7337855949459462
647303.48646647,4185891.41004164,1521964616.95765,8.5096740596925,10.562715634677499,1,647303.4850547465,4185891.41262036,1521964629.56355,2018-03-25 07:57:09.563550,-0.000305700390354578,0.009497632915908034,0.0029492133108481675,-0.000305700390354578,0.009497632915908034,0.0029492133108481675,-0.000305700390354578,0.009497632915908034,0.0029492133108481675,-1.7133090617703584,-1.733786025773088
647303.483643023,4185891.41519908,1521964642.16945,8.07254896963565,10.2137646805371,1,647303.4833610525,4185891.4157138653,1521964644.68861,2018-03-25 07:57:24.688610,-0.00030569955248852497,0.00949768097776221,0.0029492282350573186,-0.00030569955248852497,0.00949768097776221,0.0029492282350573186,-0.00030569955248852497,0.00949768097776221,0.0029492282350573186,-1.7133093873722087,-1.7337864539845564
647303.483079082,4185891.41622865,1521964647.2077699,7.9823216264491395,10.142590432540901,1,647303.481670501,4185891.41879934,1521964659.7967348,2018-03-25 07:57:39.796734,-0.0003056987164463304,0.00949772737881975,0.002949242643554441,-0.0003056987164463304,0.00949772737881975,0.002949242643554441,-0.0003056987164463304,0.00949772737881975,0.002949242643554441,-1.7133097017227565,-1.7337868673990062
647303.48026192,4185891.42137003,1521964672.3857,7.51519882311041,9.77914914739811,1,647303.479130199,4185891.42343438,1521964682.4748101,2018-03-25 07:58:02.474810,-0.00030569746032743325,0.009497796185051284,0.0029492640093258604,-0.00030569746032743325,0.009497796185051284,0.0029492640093258604,-0.00030569746032743325,0.009497796185051284,0.0029492640093258604,-1.7133101678603349,-1.7337874804343945
647303.477998478,4185891.42549873,1521964692.56392,7.11872425349839,9.47781821573538,1,647303.474119309,4185891.43334446,1521964722.80901,2018-03-25 07:58:42.809010,-0.00030569489239273535,0.009498458197796012,0.0029494695781045223,-0.00030569489239273535,0.009498458197796012,0.0029494695781045223,-0.00030569489239273535,0.009498458197796012,0.0029494695781045223,-1.7133146527596044,-1.7337933786972584
647303.47024014,4185891.44119019,1521964753.0541,5.7691407379422905,8.51075585726053,1,647303.4697135044,4185891.442232795,1521964758.091085,2018-03-25 07:59:18.091085,-0.0003056926139862724,0.00949916027443887,0.002949687587560003,-0.0003056926139862724,0.00949916027443887,0.002949687587560003,-0.0003056926139862724,0.00949916027443887,0.002949687587560003,-1.7133194090774362,-1.7337996339130726
647303.469186869,4185891.4432754,1521964763.1280699,5.5123379939623,8.338811016006959,1,647303.468918694,4185891.44380691,1521964765.66854,2018-03-25 07:59:25.668540,-0.00030569220640922206,0.009499266797652364,0.0029497206652417717,-0.00030569220640922206,0.009499266797652364,0.0029497206652417717,-0.00030569220640922206,0.009499266797652364,0.0029497206652417717,-1.71332013073406,-1.7338005829913485
647303.468650519,4185891.44433842,1521964768.20901,5.378164956521242,8.25072907585966,1,647303.468384293,4185891.444849765,1521964770.707505,2018-03-25 07:59:30.707505,-0.00030569193419381245,0.009499327772572261,0.002949739599227427,-0.00030569193419381245,0.009499327772572261,0.002949739599227427,-0.00030569193419381245,0.009499327772572261,0.002949739599227427,-1.7133205438173067,-1.7338011262529522
647303.468118067,4185891.44536111,1521964773.206,5.24285755420297,8.16317407590017,1,647303.4678470435,4185891.4458823903,1521964775.72612,2018-03-25 07:59:35.726120,-0.000305691662383003,0.009499378241840795,0.0029497552709889983,-0.000305691662383003,0.009499378241840795,0.0029497552709889983,-0.000305691662383003,0.009499378241840795,0.0029497552709889983,-1.713320885728527,-1.7338015759134984
647303.46757602,4185891.44640367,1521964778.2462401,5.10274497187799,8.07389962713904,1,647303.4673051161,4185891.446924705,1521964780.765825,2018-03-25 07:59:40.765825,-0.0003056913881234294,0.009499429629540913,0.002949771227942751,-0.0003056913881234294,0.009499429629540913,0.002949771227942751,-0.0003056913881234294,0.009499429629540913,0.002949771227942751,-1.7133212338617927,-1.7338020337568945
647303.4670342121,4185891.44744574,1521964783.28541,4.95870465090759,7.98364598632546,1,647303.4667633495,4185891.44796669,1521964785.80481,2018-03-25 07:59:45.804810,-0.0003056911139476243,0.009499480987952417,0.0029497871758017782,-0.0003056911139476243,0.009499480987952417,0.0029497871758017782,-0.0003056911139476243,0.009499480987952417,0.0029497871758017782,-1.7133215817966385,-1.733802491339341
647303.466492487,4185891.44848764,1521964788.32421,4.81036297298239,7.892366880524241,1,647303.466221208,4185891.44900945,1521964790.84548,2018-03-25 07:59:50.845480,-0.0003056908395757779,0.009499532418869897,0.002949803146175424,-0.0003056908395757779,0.009499532418869897,0.002949803146175424,-0.0003056908395757779,0.009499532418869897,0.002949803146175424,-1.713321930222686,-1.733802949567786
647303.465949929,4185891.44953126,1521964793.36675,4.65718189146726,7.79995043486988,2,647303.1285940385,4185891.32501773,1521964795.8867202,2018-03-25 07:59:55.886720,-0.00030561086615112825,0.009001029213479833,0.002795007493210741,-0.00030561086615112825,0.009001029213479833,0.002795007493210741,-0.00030561086615112825,0.009001029213479833,0.002795007493210741,-1.7099447495271247,-1.729361489841814
647302.791238148,4185891.2005042,1521964798.4066901,4.55972930365642,7.71289562602187,1,647302.453776102,4185891.07595172,1521964800.927455,2018-03-25 08:00:00.927455,-0.00030545116874215825,0.008003814578949602,0.002485351529459696,-0.00030545116874215825,0.008003814578949602,0.002485351529459696,-0.00030545116874215825,0.008003814578949602,0.002485351529459696,-1.7031889774946625,-1.7204767152013969
647302.116314056,4185890.95139924,1521964803.44822,4.448590520418049,7.6232299791295395,1,647301.7788602174,4185890.82684978,1521964805.96892,2018-03-25 08:00:05.968920,-0.00017883046789678045,0.00700645535274351,0.0021756506669745285,-0.00017883046789678045,0.00700645535274351,0.0021756506669745285,-0.00017883046789678045,0.00700645535274351,0.0021756506669745285,-1.6964322259053768,-1.7115906523082707
647301.441406379,4185890.70230032,1521964808.48962,4.3227244744019,7.53089082489765,3,647301.0317419565,4185890.535210935,1521964811.010465,2018-03-25 08:00:11.010465,1.1462225787351983e-05,0.0056469966546634194,0.001829208724054861,1.1462225787351983e-05,0.0056469966546634194,0.001829208724054861,1.1462225787351983e-05,0.0056469966546634194,0.001829208724054861,-1.6942927558663905,-1.708826746745804
647300.622077534,4185890.36812155,1521964813.5313098,4.29647916532965,7.46955539164065,1,647298.983966386,4185889.699985935,1521964823.6113148,2018-03-25 08:00:23.611314,0.00023325814431802215,0.0005003617731134174,0.0008707206626625513,0.00023325814431802215,0.0005003617731134174,0.0008707206626625513,0.00023325814431802215,0.0005003617731134174,0.0008707206626625513,-1.719170667344447,-1.7419653949205132
647297.3458552379,4185889.03185032,1521964833.69132,4.04097382197002,7.198700251469472,2,647296.6688621235,4185888.7579425946,1521964838.73028,2018-03-25 08:00:38.730280,-0.013163824330177463,-0.004242329896427905,0.00657763527157109,-0.013163824330177463,-0.004242329896427905,0.00657763527157109,-0.013163824330177463,-0.004242329896427905,0.00657763527157109,-1.6827421092216355,-1.7606924155603663
647295.991869009,4185888.48403487,1521964843.7692401,4.18233443735988,7.06896155937934,1,647295.6487581625,4185888.34522424,1521964846.32302,2018-03-25 08:00:46.323020,-0.01975361280449121,-0.016660343393936888,0.025831480582572838,-0.01975361280449121,-0.016660343393936888,0.025831480582572838,-0.01975361280449121,-0.016660343393936888,0.025831480582572838,-1.7816104646884692,-2.0871490013444087
647295.305647316,4185888.20641361,1521964848.8768,4.24318086440792,7.00091179703604,1,647294.628850776,4185887.93258969,1521964853.914155,2018-03-25 08:00:53.914155,-0.020700386300786737,-0.029075938995250804,0.04508157700094154,-0.020660321756012966,-0.029075938995250804,0.04508157700094154,-0.020660321756012966,-0.029075938995250804,0.04508157700094154,-1.8804595696189312,-2.413542023166568
647293.952054236,4185887.65876577,1521964858.95151,4.3425554324830085,6.86200490496055,1,647293.278881951,4185887.386408215,1521964863.96184,2018-03-25 08:01:03.961840,-0.024925085670073812,-0.045509519056294405,0.0705614662332062,-0.022368428018742916,-0.045509519056294405,0.0705614662332062,-0.022094653423740156,-0.045509519056294405,0.0705614662332062,-2.0112986152838315,-2.8455636536804323
647292.605709666,4185887.11405066,1521964868.9721699,4.414668142936018,6.71790867976776,1,647291.589411002,4185886.702882305,1521964876.53628,2018-03-25 08:01:16.536280,-0.030133947591176692,-0.07595448179177328,0.11019796919187112,-0.022937230225434417,-0.07025881073647926,0.10191063701957144,-0.022758831204724408,-0.07025881073647926,0.10191063701957144,-2.065150377430459,-3.2183058907297717
647290.573112338,4185886.29171395,1521964884.10039,4.47946216636212,6.48694864801824,2,647290.2345687125,4185886.1547496654,1521964886.62008,2018-03-25 08:01:26.620080,-0.030272163236731566,-0.10445619554930236,0.14628847973915163,-0.0215011796879377,-0.09192737509191001,0.12792333996044494,-0.0215011796879377,-0.09192737509191001,0.12792333996044494,-2.065130205577406,-3.456681286959286
647289.896025087,4185886.01778538,1521964889.13977,4.4892086720079405,6.406285018807732,2,647289.5570838735,4185885.88066325,1521964891.662395,2018-03-25 08:01:31.662395,-0.02904189470635493,-0.11870833220842719,0.1643353409427106,-0.021204714394595904,-0.10276262989612316,0.1409308463243234,-0.01983801610787453,-0.10276262989612316,0.1409308463243234,-2.0651201185437893,-3.5758796329227795
647289.21814266,4185885.74354112,1521964894.18502,4.49318578642716,6.32353724807203,1,647288.8796179891,4185885.6065866454,1521964896.704545,2018-03-25 08:01:36.704545,-0.026514469605365062,-0.13127528345796563,0.18156645406619243,-0.02055743486166209,-0.11154097747232214,0.15234741422553882,-0.016485016393839414,-0.11154097747232214,0.15234741422553882,-2.065127829181556,-3.724574699725796
647288.541093318,4185885.46963217,1521964899.2240698,4.49133519453175,6.23883661428268,1,647287.862103547,4185885.194942225,1521964904.277565,2018-03-25 08:01:44.277565,-0.023817196853067664,-0.14659318725167553,0.20271989691036255,-0.021880739790872628,-0.12414724790943064,0.16942761894615335,-0.013748507006094694,-0.11954545637422206,0.1634507656972329,-2.0651352806693524,-4.022573178329998
647287.183113776,4185884.92025228,1521964909.33106,4.470111509822259,6.06239398801458,1,647286.5064151594,4185884.646484355,1521964914.367505,2018-03-25 08:01:54.367505,-0.021106737283743467,-0.16740462178516252,0.22413953302444278,-0.02292147266519179,-0.14557766653952148,0.19297999671989116,-0.012976196704344089,-0.13033570223794377,0.17442709383376412,-2.065094615336151,-4.421839823330043
647285.829716543,4185884.37271643,1521964919.40395,4.4254064158813495,5.87718197505109,1,647284.138350158,4185883.688449585,1521964931.99223,2018-03-25 08:02:11.992230,-0.02070168383705432,-0.20817072433650297,0.25577464951493567,-0.022759562074647723,-0.18773336938729956,0.23028297371356413,-0.014476861255747292,-0.15600757521027503,0.1953702607967912,-2.0649833334300762,-5.0297103611940255
647282.4469837729,4185883.00418274,1521964944.58051,4.20500447574808,5.366894638055499,1,647282.1086193455,4185882.8672927003,1521964947.098845,2018-03-25 08:02:27.098845,-0.01783047997866713,-0.24221962865696844,0.28195701831199305,-0.01921762765958697,-0.22294583909834603,0.26102735019256534,-0.018167986047930088,-0.17962026994623856,0.21494419553056687,-2.0649075162349924,-5.471873293374984
647281.770254918,4185882.73040266,1521964949.61718,4.14075042673678,5.25543586299022,1,647281.09368455,4185882.456686345,1521964954.65267,2018-03-25 08:02:34.652670,-0.016415967510225275,-0.25535669039308795,0.29188923348114654,-0.01737777831207809,-0.2364585650030557,0.2719923109061862,-0.01955763612517744,-0.19601923961238582,0.2297700123247169,-2.064935841113801,-5.42421804226753
647280.417114182,4185882.18297003,1521964959.68816,3.98972307038785,5.02157040990525,1,647279.7405862676,4185881.90927079,1521964964.72333,2018-03-25 08:02:44.723330,-0.014511921062410421,-0.2720637718628101,0.3049755173495774,-0.014986932362425022,-0.25357581658547035,0.2862190928843731,-0.018256565198908163,-0.21749720205298356,0.24945604502888286,-2.0649768335185947,-5.34630546617568
647279.064058353,4185881.63557155,1521964969.7585,3.80559027739532,4.7712455579406114,1,647278.388284765,4185881.362175845,1521964974.7880702,2018-03-25 08:02:54.788070,-0.011700852591786118,-0.287500022841709,0.3161829386991655,-0.011588800930168203,-0.26914469685967823,0.29797106572018023,-0.013136944956945187,-0.23630235154237167,0.26509538290933476,-2.065011955924803,-5.270807508928314
647277.7125111771,4185881.08878014,1521964979.81764,3.5835610772524302,4.50203187498949,1,647276.696569805,4185880.67776886,1521964987.37895,2018-03-25 08:03:07.378950,-0.009245654796647157,-0.3029957958272346,0.32528737808474245,-0.00877891815300337,-0.2843186978730427,0.3066681207759694,-0.008331248100060695,-0.2524028986669352,0.27460184380477726,-2.0650395161060984,-5.22236
647275.680628433,4185880.26675758,1521964994.94026,3.16006650197856,4.05274979045681,1,647272.9715771475,4185879.1716382,1521965015.1019201,2018-03-25 08:03:35.101920,-0.006080628511066305,-0.3317940813375008,0.3366448055614011,-0.005462157553073055,-0.31219898864447365,0.31673626652721854,-0.003318266272437309,-0.27743487114622245,0.282201042820823,-2.0650760460920212,-5.208758121743548
647270.2625258621,4185878.07651882,1521965035.26358,0.284523152042633,2.37606185410633,3,647269.1786049425,4185877.82383502,1521965040.302065,2018-03-25 08:04:00.302065,-0.005913885480707801,-0.3614244583796103,0.34412921909565564,-0.005534647724218786,-0.340027693169882,0.32205143650582924,-0.004017695061483695,-0.3015767717222336,0.28555143872576494,-2.0652211149218767,-5.086122720837045
647268.094684023,4185877.57115122,1521965045.34055,1.5702615401471898,1.71694603846181,1,647267.552538333,4185877.444766265,1521965047.8606548,2018-03-25 08:04:07.860654,-0.005605052899946589,-0.37104980190858383,0.34691822753509477,-0.005569399681445444,-0.34949220739215947,0.32483025562395396,-0.005172603038998344,-0.3131289367666954,0.2905790706462585,-2.065396123290337,-5.027428859528352
647267.0103926429,4185877.31838131,1521965050.38076,1.81868735862676,1.2470707377804298,1,647266.468619087,4185877.192083025,1521965052.899135,2018-03-25 08:04:12.899135,-0.005030550173093673,-0.37708657134859214,0.3487601388068914,-0.0050855912717392565,-0.3555238579188349,0.32682103999365403,-0.004901383175907589,-0.3211058413003664,0.2945450315604022,-2.065530623851768,-4.988326857503028
647265.926845531,4185877.06578474,1521965055.41751,1.9785382476098,0.366969001949175,2,647265.4334063556,4185877.3923082547,1521965057.935575,2018-03-25 08:04:17.935575,-0.0045151451896845995,-0.38068420477359877,0.34953312848950036,-0.00453124722500696,-0.3591621667066362,0.3277548110288973,-0.004455387152693058,-0.3269946500133579,0.2975661819912544,-2.0656572539597713,-4.947499
647264.93996718,4185877.71883177,1521965060.45364,2.07367115321954,1.17073055543113,1,647261.9779238501,4185879.679611775,1521965075.56818,2018-03-25 08:04:35.568180,-0.00301421921516154,-0.3753614150602502,0.3424777090165447,-0.0029255145734912447,-0.35414769974968496,0.3211499710187983,-0.0025972822894270303,-0.32293209133753464,0.29170978044233975,-2.0656847141576278,-4.947499
647259.01588052,4185881.64039178,1521965090.68272,1.29555906350238,1.14333538707624,1,647258.5223225815,4185881.9671877404,1521965093.2008448,2018-03-25 08:04:53.200844,-0.003478023364008584,-0.3688012992693215,0.3386344546106291,-0.0034701180485793987,-0.34706939440129714,0.3174050792659764,-0.0032448563420324067,-0.31526912780091676,0.2880364025618045,-2.0655216005871315,-4.947499
647258.028764643,4185882.2939837007,1521965095.7189698,0.64648793934483,0.222411979147566,4,647257.6249654145,4185882.77382333,1521965098.2377448,2018-03-25 08:04:58.237744,-0.0033674970159605078,-0.36684695320165245,0.3373526833472837,-0.003356911313147401,-0.34498517629003256,0.3161712706493821,-0.003119165003986138,-0.3130296705699428,0.2867997734248239,-2.065467834748975,-4.947499
647257.221166186,4185883.25366296,1521965100.75652,1.23443278454839,0.381913567300632,2,647256.226199615,4185883.8226467,1521965108.313685,2018-03-25 08:05:08.313685,-0.0030337985763929237,-0.3645721518109081,0.33560860352015787,-0.0029500377067054745,-0.3425021395459914,0.3144983714022788,-0.0026269511748819724,-0.31026297690074456,0.2851178661388713,-2.0653886864101554,-4.947499
647255.231233044,4185884.39163044,1521965115.87085,1.75628063518313,1.5937623889407302,1,647254.236348701,4185884.960567045,1521965123.42739,2018-03-25 08:05:23.427390,-0.0029570506384770934,-0.36379749351327934,0.33509786634373623,-0.0028204171994606203,-0.34173248961073566,0.31432490655742695,-0.0024373449534755842,-0.3093532896381337,0.28521589312848983,-2.0653135660795114,-4.947499
647253.2414643579,4185885.52950365,1521965130.98393,1.2587233060394398,1.1318154994291398,1,647252.909935086,4185885.7190924548,1521965133.5020301,2018-03-25 08:05:33.502030,-0.0031063200113927714,-0.3630836166516246,0.33500830445187635,-0.002936066803712209,-0.34109546472344904,0.3145338055629674,-0.0024362542341855725,-0.30879754631131046,0.2856941385106585,-2.0652908872719555,-4.947499
647252.578405814,4185885.90868126,1521965136.0201302,0.6359479205241939,0.223619398694624,3,647251.8153457985,4185886.738528535,1521965141.05796,2018-03-25 08:05:41.057960,-0.0030195939911649844,-0.36026935580004493,0.33476658067186227,-0.0028920645941225426,-0.338477810031485,0.3146830188796576,-0.002456805983182056,-0.3067057982686929,0.28623943848465694,-2.06532809887561,-4.947499
647251.052285783,4185887.56837581,1521965146.0957901,1.6286812529779,0.35305993538593605,2,647249.5098428035,4185889.336407295,1521965156.173,2018-03-25 08:05:56.173000,-0.002525382241712504,-0.35451799734886236,0.33587348095263553,-0.0024474334425541727,-0.3330511194333239,0.3163750637488102,-0.002231102571402091,-0.3020025576298864,0.2885942822853661,-2.0653500279785884,-4.947499
647247.967399824,4185891.10443878,1521965166.25021,2.1345034987601,1.9374110517423897,1,647247.5815739175,4185891.54669311,1521965168.77092,2018-03-25 08:06:08.770920,-0.002704680826730685,-0.3502603661840008,0.33745388958175193,-0.002474951645529619,-0.32898853280548856,0.31831558522660275,-0.0021921780262909446,-0.29830478610590105,0.2909791747611814,-2.0653414295607533,-4.9474990000000005
647247.195748011,4185891.98894744,1521965171.29163,2.11060895424105,2.0014589037958204,1,647246.038803004,4185893.3150983946,1521965178.85027,2018-03-25 08:06:18.850270,-0.0026613804228279997,-0.3472470374157764,0.3372499792866717,-0.002217127688478357,-0.3259304724436584,0.3180916691165516,-0.001780047664113188,-0.29560186193053395,0.2910646003180942,-2.0653478620554178,-4.947499
647244.881857997,4185894.64124935,1521965186.40891,1.6623874453203002,1.7890851112702,1,647244.11107702,4185895.524760185,1521965191.44464,2018-03-25 08:06:31.444640,-0.0017382840049852272,-0.34394288580821375,0.3359295432742484,-0.0012334329843848163,-0.32253568622933004,0.31661766204121594,-0.000479484116314835,-0.29274074209427514,0.28995549563182305,-2.0653790714722984,-4.947498999999999
647243.340296043,4185896.40827102,1521965196.4803698,0.6958152889281949,1.16493676921246,3,647243.0940945185,4185896.894170485,1521965198.9982448,2018-03-25 08:06:38.998244,-0.002509741551981054,-0.34122161618736446,0.33502205546435104,-0.0020579001362490967,-0.3198924297110262,0.315724470048549,-0.0021209179428857694,-0.29028411841367285,0.28901240461199096,-2.065390615299324,-4.952672258563343
647242.847892994,4185897.38006995,1521965201.51612,0.956565319133904,0.292272989943328,2,647242.6104182195,4185898.246562065,1521965204.034345,2018-03-25 08:06:44.034345,-0.0025216068737627523,-0.33486208934515166,0.33256100281492695,-0.0023023114770984038,-0.31429570576600857,0.31392135500626495,-0.0035837894847512985,-0.2821435746106883,0.2844688807618959,-2.0653063836327297,-5.039813133722659
647242.372943445,4185899.11305418,1521965206.5525699,0.4366338695469461,0.263676578206625,3,647242.0342618311,4185899.6123569347,1521965209.0707798,2018-03-25 08:06:49.070779,-0.0030231199690556043,-0.32795089228280055,0.3249847710602579,-0.0029904953460887645,-0.3082135646552226,0.30675593848322696,-0.005964209092605172,-0.2650569012673597,0.2647053558893542,-2.065014405434881,-5.357191361977614
647241.695580217,4185900.11165969,1521965211.58899,0.596926667300595,0.25134224532760696,3,647241.465764648,4185900.516918765,1521965214.10747,2018-03-25 08:06:54.107470,-0.003447483544685312,-0.3222321735947308,0.3196045956576928,-0.0035350347371457536,-0.30282543373203014,0.3014544797159969,-0.006649572486359265,-0.2514649489725441,0.24891637359900937,-2.0647557658402214,-5.584906336900219
647241.235949079,4185900.92217784,1521965216.62595,0.433941426762629,0.869268100537881,2,647241.032342647,4185901.3233689647,1521965219.14469,2018-03-25 08:06:59.144690,-0.0038844673725640655,-0.3174268713554587,0.31492994644125266,-0.004031148656042538,-0.2983000787830543,0.29680150013901824,-0.006930553510274481,-0.23989277481966695,0.23504004701011327,-2.0645378638397447,-5.7804831168706805
647240.828736215,4185901.72456009,1521965221.66343,0.391906663238374,0.274625550741703,3,647240.664358027,4185901.9915598147,1521965224.18267,2018-03-25 08:07:04.182670,-0.0042735947314114925,-0.3134099836852962,0.31104199186216,-0.0043140452334766155,-0.29451692977852373,0.2929373605973317,-0.006727694394659187,-0.23023864693210122,0.2235185257035155,-2.064355786904821,-5.943428624652009
647240.499979839,4185902.25855954,1521965226.70191,0.451853634976786,1.00737063288373,2,647240.1618952055,4185902.794241295,1521965231.73951,2018-03-25 08:07:11.739510,-0.003681144710824147,-0.30834336672483126,0.30627111386616396,-0.003713816795860969,-0.2897432629265712,0.2882350087258466,-0.005536527354016309,-0.21819244749677827,0.20951331390662414,-2.0641266241557967,-6.145293015725443
647239.823810572,4185903.32992305,1521965236.7771099,1.23222107136788,0.44670564254834494,2,647239.6853176155,4185903.495597335,1521965239.296495,2018-03-25 08:07:19.296495,-0.004267275918492644,-0.3037778912118333,0.30229711377164825,-0.004309161564751113,-0.2852950555524621,0.2842448974326824,-0.006762146438781022,-0.20687500565533717,0.19699222343256237,-2.063913733261753,-6.334775846188357
647239.546824659,4185903.66127162,1521965241.81588,1.06977000678759,0.554016884409413,2,647239.253083002,4185904.163347245,1521965244.334735,2018-03-25 08:07:24.334735,-0.004992886274706718,-0.2996368602594364,0.3009149459472587,-0.005185681331875955,-0.2816199047820646,0.28333985274968715,-0.008908781530088436,-0.19706636200228764,0.1941394673634259,-2.0638109991392826,-6.647495744548179
647238.959341345,4185904.66542287,1521965246.85359,0.6916153774004901,0.267108600806936,3,647238.765299353,4185904.903212235,1521965249.37258,2018-03-25 08:07:29.372580,-0.0057599965464660285,-0.29491546871827556,0.2989389707223011,-0.005961207760969131,-0.27715111832004663,0.2817304529824927,-0.010222997644791565,-0.18576062789863726,0.1904308760442712,-2.0636860343963357,-6.978900064057132
647238.571257361,4185905.1410016,1521965251.8915699,0.9433776651466428,0.8708894286339479,1,647238.3772462755,4185905.3787531503,1521965254.4101548,2018-03-25 08:07:34.410154,-0.005662426923942004,-0.29161659329538925,0.2978370272591221,-0.006049543526792003,-0.2740584926118814,0.28093964029860424,-0.010936559119061835,-0.17788302330707095,0.18826307118602348,-2.0635968192582124,-7.2120399309389684
647238.18323519,4185905.616504701,1521965256.92874,0.3668988121107299,0.231622479983448,3,647238.0876104105,4185905.732613705,1521965259.4458451,2018-03-25 08:07:39.445845,-0.005716370670446197,-0.2891587177918789,0.29701902440961625,-0.0061907795535637855,-0.2717546084993824,0.2803540452903997,-0.011188790326415461,-0.17201393450723537,0.18665249913854048,-2.063530327633969,-7.385761361090686
647237.9919856311,4185905.84872271,1521965261.96295,0.488225195685836,1.12176715471693,2,647238.0642107616,4185905.9140634947,1521965264.479755,2018-03-25 08:07:44.479755,-0.0058223571290489246,-0.2883419652427894,0.296317403919805,-0.006385289172585948,-0.2709431423266919,0.27964482929827156,-0.01145722339323417,-0.17003000593017256,0.1854642985738267,-2.063511164588138,-7.44104472371245
647238.1364358921,4185905.97940428,1521965266.9965599,0.964421257720187,1.50915837932329,1,647238.2087006001,4185906.0447809147,1521965269.51475,2018-03-25 08:07:49.514750,-0.005981346159961612,-0.28832559356115034,0.29544807438711607,-0.006677070747696953,-0.27083556891772,0.27860655278312657,-0.011859896656602816,-0.16992331894221935,0.18414104615958782,-2.063516615195944,-7.437288886510761
647238.280965308,4185906.11015755,1521965272.0329401,0.6266817733423651,1.7180163111380202,2,647238.2380759584,4185906.2096705902,1521965274.55087,2018-03-25 08:07:54.550870,-0.0061035952857826925,-0.28776291356190303,0.29469628301203127,-0.006901426115380138,-0.2702478735422121,0.2777965517852455,-0.012169518359155078,-0.16853554105103924,0.18291463398730434,-2.0635052445767554,-7.473848311625208
647238.1951866089,4185906.30918363,1521965277.0688,1.22945634757593,1.88014967636808,1,647238.1522871074,4185906.4087202,1521965279.5873299,2018-03-25 08:07:59.587329,-0.006189071026246495,-0.28665379876918945,0.29406219317377164,-0.0070582938316190585,-0.26917995958433116,0.2772150421946882,-0.012386003705054924,-0.16586638632556278,0.18178529136121935,-2.063477047907335,-7.5507331068447945
647238.109387606,4185906.50825677,1521965282.10586,1.47686946927248,1.9598741997881,1,647238.0664977031,4185906.607771095,1521965284.623825,2018-03-25 08:08:04.623825,-0.006257554384519928,-0.28554467681726203,0.2934280992399621,-0.007191239395722637,-0.268112038732909,0.2766335288474734,-0.012567363831130982,-0.1631972143707854,0.1806559414414476,-2.0634488510559263,-7.627618398332654
647238.0236078,4185906.70728542,1521965287.1417902,1.54956597783524,1.96719758059054,1,647237.9807011394,4185906.80683858,1521965289.6607451,2018-03-25 08:08:09.660745,-0.006271516012184494,-0.2844354623920979,0.29279395247741724,-0.007247430665923149,-0.267044028847558,0.2760519670631275,-0.012636023722215603,-0.1605278198763776,0.17952649742111793,-2.0634206518533342,-7.704510100366694
647237.937794479,4185906.90639174,1521965292.1797,1.4736416511765802,1.90294222575528,1,647237.894879156,4185907.00596498,1521965294.6991649,2018-03-25 08:08:14.699164,-0.006285481769532836,-0.2833259195907854,0.2921596180988003,-0.007303638556834691,-0.26597570279713656,0.27547023325369596,-0.012704703922081353,-0.1578576351333783,0.178396719216896,-2.0633924443017273,-7.7814245663968675
647237.851963833,4185907.10553822,1521965297.21863,1.22154822663433,1.75922552562841,1,647237.8090599675,4185907.205084905,1521965299.737415,2018-03-25 08:08:19.737415,-0.006299313545101867,-0.2822164128835666,0.29152530433741697,-0.007359307212168292,-0.26490741149807656,0.2748885183468086,-0.012772725232124603,-0.15518753725168039,0.17726697773762168,-2.0633642376678525,-7.85833653025065
647237.7661561021,4185907.30463159,1521965302.2562,0.602659486864121,1.51366985468753,2,647237.7398873036,4185907.39868629,1521965304.773755,2018-03-25 08:08:24.773755,-0.006380447389580435,-0.28118824016280475,0.2908763922598034,-0.007455295085265809,-0.26391091008443773,0.2742762911022454,-0.012939194412127479,-0.15270839421622337,0.1761272258574208,-2.0633385155772688,-7.929262883527311
647237.713618505,4185907.49274099,1521965307.29131,0.530480168744155,1.16237089611165,2,647237.5532418881,4185907.631341135,1521965309.8104,2018-03-25 08:08:29.810400,-0.0065059064788910576,-0.27958565848687755,0.29033004281991814,-0.0076037232932605475,-0.26240734628572604,0.27387891112347684,-0.013196609450890684,-0.14888061959383297,0.17505735692005286,-2.0632952504311746,-8.04245865761673
647237.392865271,4185907.76994128,1521965312.32949,1.06649668106656,0.254797817812273,2,647237.2012254989,4185908.32079977,1521965314.848815,2018-03-25 08:08:34.848815,-0.006849956531423798,-0.2755494469466108,0.2882574468348057,-0.008010762217570841,-0.25854615180245566,0.2720440287716492,-0.013902526081529747,-0.13918560441098668,0.17130448411831556,-2.0631910363404673,-8.323588447014135
647237.009585727,4185908.87165826,1521965317.36814,1.02714143494398,0.24959947003363894,2,647236.8400813774,4185909.1517273253,1521965319.88813,2018-03-25 08:08:39.888130,-0.0070014509574889555,-0.27051110228753206,0.2853476649705563,-0.0081655379043373,-0.253608773277611,0.26928153236340074,-0.015278798474427036,-0.127202604688671,0.16717455646120136,-2.0630822955190466,-8.676400869489772
647236.670577028,4185909.43179639,1521965322.40812,0.34996289021643,0.22990891870017305,3,647236.3591648864,4185909.702455025,1521965324.9286752,2018-03-25 08:08:44.928675,-0.007220912959705478,-0.26536944568725773,0.2833225609433351,-0.008419219408912687,-0.2485030956183017,0.2674197423071041,-0.01656108499861442,-0.1153395898934541,0.16650635804507447,-2.0630035792658896,-9.049329896404368
647236.047752745,4185909.97311366,1521965327.4492302,1.03841932932836,0.249386421303703,2,647235.7121918504,4185910.5368742,1521965329.96916,2018-03-25 08:08:49.969160,-0.007806529274906077,-0.25791383591546146,0.28010064165616166,-0.009176338809949489,-0.24106215507265788,0.26437104271173184,-0.018093195018694438,-0.09812762302278329,0.1651921800713378,-2.0628930049670267,-9.58878323832935
647235.376630956,4185911.10063474,1521965332.48909,1.0935716877001,0.259513127844985,2,647235.03619901,4185911.721423155,1521965335.00929,2018-03-25 08:08:55.009290,-0.008258174867368628,-0.24763493228136113,0.27525084661371374,-0.010030769743343916,-0.22995969232969166,0.2596069745973597,-0.017641205483722944,-0.07886840565944984,0.1644239127807177,-2.0626901307944894,-10.250648005644551
647234.695767064,4185912.34221157,1521965337.52949,0.627845425425445,1.0601488806745798,2,647234.6367030966,4185912.820606275,1521965340.04867,2018-03-25 08:09:00.048670,-0.00839222849892294,-0.2386474429357982,0.2704222219295436,-0.010258057324181051,-0.21969323021762463,0.25468434346584745,-0.018096071940017576,-0.06474154202404876,0.16397741358565593,-2.062486255262483,-10.777903487372308
647234.577639129,4185913.29900098,1521965342.56785,1.01392708431388,1.28137568109504,1,647234.5185759235,4185913.777389505,1521965345.0869951,2018-03-25 08:09:05.086995,-0.007502383868200409,-0.232049646507621,0.2657126981334651,-0.009429532129912432,-0.2121704248560647,0.24965945390484368,-0.018494112247313302,-0.0533821421774049,0.16191605616263183,-2.0623628756360444,-11.176525330642212
647234.459512718,4185914.25577803,1521965347.6061401,0.7017784982403851,1.19691339035488,2,647234.6699088245,4185914.586934695,1521965350.12534,2018-03-25 08:09:10.125340,-0.0063556352676370775,-0.22780816640744428,0.2611736738119122,-0.008281301920604354,-0.20735232282605603,0.24459801893288174,-0.01857041064315746,-0.04479659556868721,0.1583413684918074,-2.0623176701186914,-11.447783581791775
647234.880304931,4185914.91809136,1521965352.64454,0.938517727195092,1.05548647992754,1,647235.090744487,4185915.2493161997,1521965355.16426,2018-03-25 08:09:15.164260,-0.004343072377402189,-0.22596037767257116,0.25678707704169357,-0.005641125593367595,-0.2052743226803807,0.2394598725409473,-0.01802598370922778,-0.03898582934514519,0.1532073236577341,-2.0623515419538663,-11.589943802878508
647235.3011840429,4185915.58054104,1521965357.68398,0.311880368346842,0.24487709164795105,3,647235.6930728505,4185916.03788688,1521965360.203665,2018-03-25 08:09:20.203665,-0.0028940023401586856,-0.2275360775267915,0.24982832665946758,-0.003399757890107692,-0.20649156496322843,0.22960974601981524,-0.016898289490300124,-0.03261912328848782,0.1424447428786274,-2.0624931908399153,-11.581900623837118
647236.084961658,4185916.49523272,1521965362.72335,0.30160539222319105,0.250963633414027,3,647236.148111377,4185916.720473175,1521965365.24243,2018-03-25 08:09:25.242430,-0.002888436142088356,-0.23163896052170205,0.2480179848002221,-0.0025857229486906455,-0.21098320202379114,0.22953590660248768,-0.015554388961078669,-0.025313862449074322,0.14088346882285727,-2.0626726135690987,-11.697621767074839
647236.2112610961,4185916.94571363,1521965367.76151,0.615240813071916,1.08076807823742,2,647236.19020824,4185917.2151933797,1521965370.280665,2018-03-25 08:09:30.280665,-0.0029943212993250937,-0.23179332249543408,0.24682217607661208,-0.0028022146645991994,-0.2112103210351794,0.22954630702676143,-0.016074245388388142,-0.018709343644671732,0.1416926132254383,-2.062728726883214,-11.834399672669287
647236.169155384,4185917.48467313,1521965372.79982,0.814216408431614,1.4744664252910802,2,647236.6567769665,4185917.4820595803,1521965375.318295,2018-03-25 08:09:35.318295,-0.004212852197554136,-0.22952741660898018,0.2446269215651321,-0.004374567202034461,-0.20946331534217782,0.22756502813286578,-0.016441971184553837,-0.01664392331652957,0.14025153832345955,-2.0628065691817508,-11.813137398501814
647237.144398549,4185917.47944603,1521965377.8367698,0.92720446698305,1.78602080776607,2,647237.33679756,4185917.6245142203,1521965380.3547897,2018-03-25 08:09:40.354789,-0.005917061247415159,-0.22703928830947626,0.24231158702187183,-0.006475271714091277,-0.20773142617182846,0.22519615460842107,-0.01703591488572171,-0.016994723016917308,0.13784504750099652,-2.0629060630607534,-11.716160731046548
647237.529196571,4185917.76958241,1521965382.87281,1.02254696155836,2.02866033787125,2,647237.7805173275,4185917.885633955,1521965385.390305,2018-03-25 08:09:45.390305,-0.0061981685925367735,-0.22486015603380827,0.2401975720785732,-0.00664425921523526,-0.20604578394670606,0.22329649123067477,-0.01686156695093656,-0.014930604753269277,0.1364836394746061,-2.0629805079594683,-11.69789994146822
647238.031838084,4185918.0016855,1521965387.9078,1.09135177838467,2.2338573980117897,2,647238.3682117085,4185918.07701795,1521965390.425,2018-03-25 08:09:50.425000,-0.006739455105975033,-0.2241657424510518,0.23822147913607986,-0.006819816337579165,-0.2048105850669949,0.22105394108455906,-0.016646485168103155,-0.01430811904056494,0.13500302908904582,-2.063064542580775,-11.601670529502215
647238.704585333,4185918.1523504,1521965392.9422,1.13000222575235,2.41601200157408,2,647239.2747053015,4185918.120456905,1521965395.460955,2018-03-25 08:09:55.460955,-0.006846840401408809,-0.225453385473841,0.23632154153308174,-0.00704206000508234,-0.20417942119381435,0.21807794113105838,-0.016470748268882486,-0.016785597095711022,0.13287368113141929,-2.063174620740848,-11.357970866851797
647239.84482527,4185918.08856341,1521965397.9797099,1.43155451803956,2.61649493905229,1,647240.414931381,4185918.056670705,1521965400.498405,2018-03-25 08:10:00.498405,-0.006406152789850204,-0.2276659940036604,0.23438888906384053,-0.007193839411668339,-0.20383518314752086,0.21457767006923115,-0.016469893020157028,-0.02151728005739187,0.130109919961967,-2.0633056768099376,-11.016051330505508
647240.985037492,4185918.024778,1521965403.0171,1.41467274027794,2.7676960922007203,1,647241.5550021986,4185917.992893335,1521965405.53517,2018-03-25 08:10:05.535170,-0.006103986880190218,-0.22987830052309866,0.23245649920076125,-0.0073191129217842,-0.20349099142583615,0.21107787533419867,-0.016733025572796496,-0.0262483167427184,0.12734653523181735,-2.0634367150424744,-10.674178395791223
647242.124966905,4185917.96100867,1521965408.05324,1.06448306697017,2.8773770868223103,2,647242.545028458,4185917.98298796,1521965410.5710402,2018-03-25 08:10:10.571040,-0.006019332363499066,-0.23157173612067627,0.2306028667629234,-0.007544573933715729,-0.2030194159206589,0.2079453441757049,-0.016936514011941437,-0.02973634758978693,0.12497962600155729,-2.0635533510148165,-10.390887527210456
647242.965090011,4185918.00496725,1521965413.08884,1.04840045318628,2.99467784346523,2,647244.8608056386,4185919.3329827497,1521965443.306435,2018-03-25 08:10:43.306435,-0.019864506359284308,-0.22088395270904893,0.21831435560739232,-0.019555262203342742,-0.18922218321023976,0.19529355901254442,-0.018411966082081767,-0.018637523308251257,0.11902029193878959,-2.0638693559339654,-10.115499812466012
647246.7565212661,4185920.66099825,1521965473.52403,2.89917129662791,3.6239744519455295,1,647247.5463338095,4185921.213747515,1521965486.11693,2018-03-25 08:11:26.116930,-0.02833293924956326,-0.166445554508922,0.176906383340533,-0.025716383208411672,-0.139531738784184,0.1587992942886443,-0.0207887851112105,0.0005844306438569213,0.10117701530371881,-2.0640781545547853,-9.824568951091607
647248.3361463529,4185921.76649678,1521965498.70983,2.4923384201570498,3.39317848179259,1,647248.9678528479,4185922.20859527,1521965508.78187,2018-03-25 08:11:48.781870,-0.028390162632863116,-0.12942085774670198,0.15090708182526075,-0.027498781485773654,-0.10944914197741945,0.13757949706623246,-0.023921468919970733,0.007724003195997076,0.09328316915833468,-2.0640975727986004,-9.712709425559854
647249.599559343,4185922.65069376,1521965518.85391,1.49650398349895,2.9660409875196803,2,647249.3274802895,4185922.6711608497,1521965521.3722548,2018-03-25 08:12:01.372254,-0.027942630212100465,-0.11678591806644945,0.14218476105822592,-0.0280991715512548,-0.09630924976903067,0.12963639031052143,-0.025607376123314984,0.017629109362751565,0.08853733248202036,-2.0641325304121363,-9.669965029504484
647249.055401236,4185922.69162794,1521965523.8906,1.56544981976554,2.86404002401728,1,647248.5114854944,4185922.732543765,1521965528.925055,2018-03-25 08:12:08.925055,-0.029947670061118377,-0.12612137337492563,0.1500572347182692,-0.02863072421171187,-0.10548587116933328,0.13716964811191162,-0.025099972895994024,0.01862229904590369,0.09270500840905138,-2.064107237761598,-9.959438285267916
647247.967569753,4185922.77345959,1521965533.9595098,1.34763976633999,2.60159774797001,1,647247.695432127,4185922.7939311,1521965536.478395,2018-03-25 08:12:16.478395,-0.02896588851726758,-0.13613044737386398,0.15812722657729128,-0.026981186724266578,-0.11196306590328423,0.14372585263396098,-0.022959431727815786,0.02572005674324066,0.0943672331007978,-2.0641150937825232,-10.163528360259178
647247.423294501,4185922.81440261,1521965538.9972801,0.984789340808418,2.4347098308926403,2,647247.655044427,4185922.6337773902,1521965541.5159101,2018-03-25 08:12:21.515910,-0.0288867854683254,-0.13955120151652525,0.1603023898157178,-0.026736561263785263,-0.11497239840697224,0.1454670832742542,-0.02252587751757594,0.02339908719425858,0.09510095327523438,-2.0641117553890522,-10.134510535674746
647247.886794353,4185922.45315217,1521965544.03454,0.9059332824138208,2.2710363119086403,2,647247.9658169821,4185922.3315323303,1521965546.553705,2018-03-25 08:12:26.553705,-0.029208529335232783,-0.14067462277280607,0.16024493431076514,-0.02708622653027016,-0.11735669137571376,0.1454841197729283,-0.022781206840312478,0.01555017960487216,0.09581903129419617,-2.064099247541645,-9.998048480482776
647248.044839611,4185922.20991249,1521965549.07287,0.821308583517851,2.09662642909096,2,647248.13663937,4185922.083480105,1521965551.591855,2018-03-25 08:12:31.591855,-0.029370065658183835,-0.14275717701043092,0.16110373365510994,-0.027196612572315537,-0.12003062390280726,0.14620960383645404,-0.02275710106689852,0.009863551986549455,0.09655344423395874,-2.064090333430077,-9.903835866420438
647248.228439129,4185921.95704772,1521965554.11084,0.725915482071167,1.87440957514395,3,647248.1179081404,4185921.90483602,1521965556.629805,2018-03-25 08:12:36.629805,-0.02931386450356595,-0.1462102216867841,0.16324693889053257,-0.026978922483052427,-0.12316330442340612,0.1479295385792125,-0.02234650282712806,0.007038709038357752,0.0973265389852733,-2.0640861874292358,-9.865911466419798
647248.007377152,4185921.85262432,1521965559.1487699,1.00696801355175,1.6363374651597398,1,647247.896859112,4185921.80041868,1521965561.667445,2018-03-25 08:12:41.667445,-0.029025290915090186,-0.1511234535110187,0.1667594656932909,-0.02641120884783202,-0.12678321437083995,0.1507096226565315,-0.021523677127171275,0.007270783540083026,0.0981403198631017,-2.0640871342185334,-9.888099565056313
647247.7863410721,4185921.74821304,1521965564.18612,0.503371560830429,1.24449895457862,2,647247.8778145525,4185921.6232644347,1521965566.70428,2018-03-25 08:12:46.704280,-0.028947593066823853,-0.15455417052861647,0.1688898475862538,-0.026280188944939567,-0.12989376708031497,0.15241918001565052,-0.021309270248086706,0.004473707606660547,0.09890777603798843,-2.064083030325841,-9.85059056987229
647247.969288033,4185921.49831583,1521965569.22244,0.353993597859469,0.557754145316646,3,647247.987003203,4185921.096630685,1521965571.74051,2018-03-25 08:12:51.740510,-0.02894666406887144,-0.16246823966544413,0.1734395565864122,-0.026125000802863934,-0.1377289371041245,0.15610066223154126,-0.020875676531374173,-0.005327418018742907,0.10090362146926299,-2.0640681709445454,-9.704082891264243
647248.004718373,4185920.69494554,1521965574.25858,0.375237169100944,0.924155534133868,2,647248.3352532495,4185920.194310425,1521965576.775375,2018-03-25 08:12:56.775375,-0.026645469995641137,-0.17380728204336926,0.17950138545433314,-0.024326630332470067,-0.14978126639581896,0.16104697181369565,-0.020369179212259576,-0.023565011704538577,0.10404562908858875,-2.0640401260391403,-9.419035706678592
647248.6657881261,4185919.69367531,1521965579.2921698,0.309914315923362,0.471228881505237,3,647249.029898565,4185919.71712274,1521965581.8105397,2018-03-25 08:13:01.810539,-0.023337449435424755,-0.1727701591084211,0.1772165281440034,-0.022163933292192024,-0.15180874377126385,0.15935066757957944,-0.02041608721660683,-0.03778541027557086,0.10482794906151727,-2.064017106342403,-9.160522211009999
647249.394009004,4185919.74057017,1521965584.3289099,0.391994124015236,1.21365831029653,2,647249.6815912526,4185919.783456125,1521965586.847495,2018-03-25 08:13:06.847495,-0.026513673750297014,-0.1626042952735574,0.16948597960802758,-0.025372610234104066,-0.1451560396813226,0.1532657365418916,-0.022147760614551645,-0.04251547101963599,0.10343029816077035,-2.064008303892781,-9.038491962637362
647249.969173501,4185919.82634208,1521965589.36608,0.462924581590452,1.59315259680466,2,647250.2450865984,4185919.8721021,1521965591.884165,2018-03-25 08:13:11.884165,-0.029093218307987872,-0.15379739595564076,0.16262040343675727,-0.02804374435285178,-0.13670519098129477,0.1469423078640044,-0.02383889567389798,-0.04115766865110624,0.10007104879295557,-2.0640282087957633,-8.87143004675087
647250.520999696,4185919.91786212,1521965594.40225,0.5116932071015371,1.85149614688175,2,647250.8150657956,4185919.95915976,1521965596.919605,2018-03-25 08:13:16.919605,-0.03004171487268326,-0.14488114620989323,0.15540907158463277,-0.02916521931488945,-0.12796091653205383,0.1403942794033887,-0.02568216298740269,-0.03829129601434019,0.09627072551646633,-2.0640599128747774,-8.714219900016332
647251.109131895,4185920.0004574,1521965599.43696,0.5428631496092899,2.03062985303568,2,647251.3710357465,4185920.049523305,1521965601.9558249,2018-03-25 08:13:21.955824,-0.03106547588892161,-0.13584257789446152,0.14773117909828756,-0.030367280766358418,-0.11947645075581034,0.13384704966858996,-0.026672785274539503,-0.03388118748873385,0.0923160233544799,-2.064105293388065,-8.603143350313886
647251.6329395979,4185920.09858921,1521965604.47469,0.5705942074243749,2.15967259738745,2,647251.7348383865,4185920.185740805,1521965606.993365,2018-03-25 08:13:26.993365,-0.03172752884822756,-0.12862504473963493,0.14197127698747616,-0.03112611303871347,-0.11246979257360827,0.12885189489976498,-0.026761002197916366,-0.02960052539982118,0.08930378525997835,-2.0641365266055263,-8.537378336193838
647251.836737175,4185920.2728924,1521965609.5120401,1.24110185068532,2.3003318091197,1,647251.9386515045,4185920.360057155,1521965612.031095,2018-03-25 08:13:32.031095,-0.031364303041411884,-0.122924922125994,0.13780893910603143,-0.030952409206947844,-0.10669494125454759,0.12514963542599253,-0.026435070542958912,-0.025429027837895083,0.08707662272644945,-2.0641559799090374,-8.509330677241028
647252.040565834,4185920.44722191,1521965614.55015,1.53869744717356,2.3946394075776603,1,647252.142407751,4185920.534325345,1521965617.06743,2018-03-25 08:13:37.067430,-0.030982109817826124,-0.1172263819336141,0.13364775808372045,-0.030764191592581487,-0.10092169226291026,0.12144840458755407,-0.02610554850443225,-0.021258685581593363,0.0848500790075822,-2.064175427793944,-8.481290887768836
647252.244249668,4185920.62142878,1521965619.58471,1.6753972126236,2.44791218592685,1,647252.3461247389,4185920.70856029,1521965622.1028,2018-03-25 08:13:42.102800,-0.0305999891680175,-0.11152893408942928,0.12948737564353066,-0.030576009515936996,-0.09514954936059271,0.11774788381804098,-0.02577608944558954,-0.017089140834367012,0.08262396245765485,-2.064194871938375,-8.453256530626335
647252.44799981,4185920.7956918,1521965624.6208901,1.69096897295125,2.46287783844637,1,647252.549842775,4185920.8827956496,1521965627.13818,2018-03-25 08:13:47.138180,-0.03021786809679622,-0.10583146507222303,0.12532697639500723,-0.030387827525444458,-0.08937738584854366,0.11404734845062788,-0.025446629432338646,-0.012919583348257714,0.0803978371059693,-2.0642143161732345,-8.425221986036835
647252.65168574,4185920.9698995,1521965629.65547,1.58878479747307,2.44025750503977,1,647252.7535636565,4185921.05703347,1521965632.173635,2018-03-25 08:13:52.173635,-0.030047614774768687,-0.10013391602064489,0.12116651877923322,-0.03023634809540718,-0.08360514120583497,0.11034676114778913,-0.025290734969310245,-0.008749967136752164,0.07817168051269523,-2.064233760680218,-8.397187052292885
647252.855441573,4185921.14416744,1521965634.6918,1.34217289729855,2.37895735811238,1,647252.9573312885,4185921.231311405,1521965637.21025,2018-03-25 08:13:57.210250,-0.02996015892247819,-0.0944350572761547,0.11700510516535911,-0.03010334232916755,-0.07783156947260662,0.10664532342142424,-0.0251740995409041,-0.004579391712302162,0.07594501233689374,-2.0642532096519886,-8.369145696686285
647253.059221004,4185921.31845537,1521965639.7287,0.831418012680073,2.27581961296928,2,647253.178612752,4185921.399495635,1521965642.24759,2018-03-25 08:14:02.247590,-0.029904263680655734,-0.08860259735130435,0.11268716471622786,-0.02999617088804505,-0.07195944575064239,0.10282008960766822,-0.025083524368135338,-0.00043166376436465717,0.07364299170013462,-2.064273909782253,-8.336802876749845
647253.2980045,4185921.4805359,1521965644.76648,1.1451186919620902,2.16640137263982,1,647253.4173899544,4185921.56157193,1521965647.28524,2018-03-25 08:14:07.285240,-0.02990897127350456,-0.08263702121987984,0.10821305504999976,-0.029951650774308516,-0.0659892591992974,0.09887137688500859,-0.025052979225193235,0.0036928689112088256,0.07126580945897895,-2.064295859368956,-8.300161193934205
647253.536775409,4185921.64260796,1521965649.804,0.825486790687922,1.97560482902749,2,647253.749487773,4185921.6861977447,1521965652.32305,2018-03-25 08:14:12.323050,-0.03004311256994075,-0.07604376073112334,0.10295245178860771,-0.029992786902633094,-0.05958794631035318,0.09430896468324397,-0.025113716472349584,0.007605534736227153,0.0685145444238207,-2.0643243762373014,-8.240152577314323
647253.9622001371,4185921.72978753,1521965654.8421,1.08745893521717,1.7431331727885202,1,647254.1748294096,4185921.77336045,1521965657.36017,2018-03-25 08:14:17.360170,-0.030207188083387963,-0.06882406690088715,0.09690641691127677,-0.03016251841032889,-0.05275668184852646,0.08913375875138324,-0.025274626093584607,0.011305721866730758,0.06538974368185461,-2.064359454115772,-8.156792357131227
647254.3874586821,4185921.81693337,1521965659.87824,0.6853530811349561,1.36842279682553,2,647254.150090835,4185922.0731344502,1521965662.39597,2018-03-25 08:14:22.395970,-0.029883538960930756,-0.06409090729942755,0.09434824693819734,-0.029833812972860276,-0.04740100841575422,0.08662337027207005,-0.024964329849014547,0.016606576085255342,0.06389298497878465,-2.064363496665845,-8.189000676204929
647253.9127229879,4185922.32933553,1521965664.9137,0.599774122130974,1.09645210048878,2,647253.8722705189,4185922.485570305,1521965667.4342349,2018-03-25 08:14:27.434234,-0.029217333849162284,-0.06087240761925786,0.09381708549116907,-0.02933517455064332,-0.04300509765170624,0.08567496295946574,-0.024456789868881605,0.022682813958104724,0.06334961873035885,-2.064349950452162,-8.285575200186024
647253.83181805,4185922.64180508,1521965669.9547696,0.3336038264960721,0.4328700982281,3,647253.7901743089,4185922.6632398004,1521965672.4734998,2018-03-25 08:14:32.473499,-0.028718968420576623,-0.05897819259664163,0.09312755490393636,-0.028843815799831335,-0.04065315509706988,0.08488015105653507,-0.02399697909561467,0.025487931104889096,0.0628818440989932,-2.0643470608292813,-8.319120656728579
647253.748530568,4185922.68467452,1521965674.9922302,1.19509629478995,1.26883131409916,1,647253.7068813195,4185922.70611209,1521965677.511295,2018-03-25 08:14:37.511295,-0.028571181056743125,-0.05937875516857897,0.0937393723302371,-0.028700235216006533,-0.04085969108665694,0.0853407916984628,-0.023831273039774382,0.025847954900858748,0.0631637196935791,-2.064341387706995,-8.340824517295607
647253.6652320711,4185922.72754966,1521965680.03036,1.58103947097467,1.72591252141434,1,647253.62357328,4185922.7489921553,1521965682.54999,2018-03-25 08:14:42.549990,-0.02855275824686311,-0.059779389625566386,0.09435130002695599,-0.028674746128696058,-0.0410662638457267,0.08580151530434996,-0.023764679903829234,0.026208044275371968,0.06344564605953222,-2.064335713560223,-8.36253230210462
647253.581914489,4185922.77043465,1521965685.06962,1.8236098514528605,2.07219752794394,1,647253.5402554634,4185922.7918772697,1521965687.5892649,2018-03-25 08:14:47.589264,-0.02867026964996454,-0.06018007081916463,0.09496329938086179,-0.028776925342891523,-0.04127286053319767,0.08626229282730728,-0.02380867021046587,0.026568176212712354,0.06372760542075599,-2.0643300387478596,-8.38424263606699
647253.498596438,4185922.81331989,1521965690.1089098,1.97625631439525,2.3569704796339703,1,647253.4153029725,4185922.85619243,1521965695.146735,2018-03-25 08:14:55.146735,-0.02884650262197845,-0.06078097670432128,0.09588112076437973,-0.028930164509624767,-0.0415826961852581,0.08695332543693378,-0.023874642943595443,0.027108268687261256,0.06415046265901334,-2.0643215281791494,-8.416801818908972
647253.332009507,4185922.89906497,1521965700.18456,2.08042591189602,2.81344637723131,1,647253.2486886735,4185922.94195164,1521965705.224015,2018-03-25 08:15:05.224015,-0.03075009395645186,-0.05336392403885444,0.08620824332472865,-0.030424471811522916,-0.03483856164705824,0.07856278296982444,-0.024635379193868927,0.02994935851635766,0.059941832206589,-2.034991863786091,-8.460216924338628
647253.16536784,4185922.98483831,1521965710.26347,1.9410415705438,3.1718644046872,1,647253.1237240124,4185923.00627308,1521965712.782205,2018-03-25 08:15:12.782205,-0.03090549602226496,-0.05372264992303063,0.08694416829279505,-0.030555868255441782,-0.034939904290364775,0.07911053127801265,-0.02468048354572731,0.030577857734216844,0.060346317897106504,-2.034984535253588,-8.49277927980362
647253.082080185,4185923.02770785,1521965715.30094,1.76604143321777,3.32446480720035,2,647253.0154310955,4185923.06231916,1521965717.820485,2018-03-25 08:15:17.820485,-0.03103959571421078,-0.0540276439178692,0.08757849008422412,-0.03066904035462891,-0.035021377094120204,0.07958202405608152,-0.024718926140593008,0.03112828605999029,0.06069507339271272,-2.034978190340671,-8.521024889150889
647252.948782006,4185923.09693047,1521965720.3400302,1.8677386888341296,3.53059703796878,2,647252.8879984625,4185923.12846134,1521965722.8592052,2018-03-25 08:15:22.859205,-0.03119704125663441,-0.054382884378248744,0.08832279064384384,-0.03080178195240981,-0.03511329478751127,0.08013486831228356,-0.02476376179891017,0.03177959602913819,0.06110436744116093,-2.0349707277058444,-8.554279732014574
647252.827214919,4185923.15999221,1521965725.37838,2.0987499507313303,3.74585200832189,1,647252.7664530855,4185923.1915118,1521965727.8966498,2018-03-25 08:15:27.896649,-0.03129345729658822,-0.05472240478576419,0.08903310828846563,-0.03087556621472603,-0.03520171370751362,0.08066254615805046,-0.024795893400552674,0.032400135700106254,0.06149496062120491,-2.0349636091413204,-8.585995002732675
647252.705691252,4185923.22303139,1521965730.4149199,2.05639235191495,3.91449084512866,2,647252.5834963946,4185923.286421,1521965735.45201,2018-03-25 08:15:35.452010,-0.03134697297800046,-0.05535266307073878,0.08993705815290105,-0.030896573852109796,-0.03570120332145403,0.08157039359051856,-0.024826028068144566,0.034237495060665216,0.06194985905742514,-2.0349610258149777,-8.663936984851636
647252.461301537,4185923.34981061,1521965740.4891,2.23337765607228,4.27734580920675,2,647252.4499385341,4185923.355674385,1521965743.00777,2018-03-25 08:15:43.007770,-0.03138599981471374,-0.055816260820371465,0.0905932097563708,-0.03091188377989494,-0.03607546951243181,0.08223622671104966,-0.02484807061428613,0.03560041837956739,0.06227883409572384,-2.0349593394957477,-8.7215748267636
647252.438575531,4185923.36153816,1521965745.5264401,2.5224995060353903,4.44855376939367,1,647252.3347559716,4185923.415264225,1521965768.185845,2018-03-25 08:16:08.185845,-0.03141947941629816,-0.05621863183943887,0.09116066340817859,-0.030924972019030418,-0.036400917631736966,0.082811817967556,-0.024867280217918432,0.03677292938308748,0.06256338011312457,-2.0349578795234717,-8.771259209425553
647252.230936412,4185923.46899029,1521965790.84525,3.38785036589807,5.612168401478491,1,647252.219573805,4185923.474854525,1521965793.3639,2018-03-25 08:16:33.363900,-0.03145295977559766,-0.05662098892631409,0.09172810736638806,-0.030938060779167494,-0.036726351503291496,0.08338740054265834,-0.02488648877505085,0.03794545057773574,0.06284792106652155,-2.034956419584008,-8.820943536506672
647252.208211198,4185923.48071876,1521965795.88255,3.3522044142201204,5.709467458472751,1,647252.1854877595,4185923.492446295,1521965800.919475,2018-03-25 08:16:40.919475,-0.03146281137999821,-0.05674086848739568,0.09189653137849117,-0.030941897652586224,-0.03682350445884583,0.08355816594146767,-0.02489223643161847,0.03829151943538786,0.0629323892603466,-2.0349559857491686,-8.835639269739218
647252.162764321,4185923.50417383,1521965805.9564,3.20501373334489,5.88924808362957,1,647252.1513991235,4185923.51003941,1521965808.475595,2018-03-25 08:16:48.475595,-0.03147266374402359,-0.05686075700295118,0.09206496809447463,-0.03094573482467381,-0.036920664634383024,0.08372894423508237,-0.024897984512785083,0.038637614772202775,0.06301686382290796,-2.034955551881703,-8.850336121306531
647252.140033926,4185923.51590499,1521965810.99479,3.0898160700208503,5.9722066405962,2,647252.1220613634,4185923.525179985,1521965813.51331,2018-03-25 08:16:53.513310,-0.031481142190320374,-0.05696394850769034,0.09220993725657742,-0.030949036691071182,-0.037004295948140774,0.08387592766739843,-0.02490293240377901,0.03893546217981505,0.06308956910076315,-2.0349551784558155,-8.862984590385611
647252.104088801,4185923.53445498,1521965816.03183,3.1449717474075403,6.08384811695191,2,647252.0858572795,4185923.543863505,1521965818.5503051,2018-03-25 08:16:58.550305,-0.031491604159320626,-0.05709130294309341,0.09238884271732764,-0.030953110816519108,-0.03710751278467686,0.0840573178655113,-0.024909039223881463,0.03930300582481091,0.06317929437865491,-2.034954717606211,-8.878593250156184
647252.067625758,4185923.55327203,1521965821.0687802,3.1996291209202896,6.1943306106489,2,647252.05675293,4185923.5588887352,1521965823.58734,2018-03-25 08:17:03.587340,-0.03150002186335149,-0.057193576952050816,0.09253259896143096,-0.030956390765978274,-0.03719037776296577,0.08420308035353204,-0.024913940209451445,0.03959859293227583,0.0632513897929367,-2.034954347365032,-8.891141974227198
647252.0458801021,4185923.56450544,1521965826.1059,3.2509328592180897,6.29660676977522,2,647252.0296694266,4185923.5728714904,1521965828.623295,2018-03-25 08:17:08.623295,-0.03150785613104272,-0.057288734623543225,0.0926663643116047,-0.030959443649979854,-0.037267473367261605,0.08433871388778082,-0.024918499726147098,0.039873673086870426,0.06331847441654212,-2.03495400286457,-8.902819521530036
647252.013458751,4185923.58123754,1521965831.14069,3.4430990332804305,6.42204367159805,1,647251.9972421635,4185923.58960666,1521965833.658965,2018-03-25 08:17:13.658965,-0.031517227649197885,-0.057402789820704514,0.09282659791875039,-0.030963093374182266,-0.037359908379199884,0.08450117414982132,-0.024923968419506608,0.040202889865215044,0.06339883510329794,-2.034953590121022,-8.916800005973842
647251.981025576,4185923.59797578,1521965836.1772401,3.57290475707196,6.53797061510255,1,647251.9648122389,4185923.606343215,1521965838.695035,2018-03-25 08:17:18.695035,-0.03152659995200655,-0.05751685415643574,0.09298684453983,-0.030966743407976758,-0.037452350744931626,0.08466364762699888,-0.024929437544322162,0.040532133916466664,0.06347920231323505,-2.034953177344091,-8.930781639917644
647251.948598902,4185923.61471065,1521965841.21283,3.646934038144,6.644821335731421,1,647251.9323831289,4185923.6230793446,1521965843.73099,2018-03-25 08:17:23.730990,-0.03153597201314695,-0.05763091571715914,0.09314708719145058,-0.03097039334603237,-0.03754479088290448,0.08482611707132438,-0.024934906538798915,0.040861369595941666,0.06355956753385406,-2.0349527645773287,-8.944762921851789
647251.916167356,4185923.63144804,1521965846.24915,3.66859365525584,6.74306360819459,1,647251.883750546,4185923.648177785,1521965851.283255,2018-03-25 08:17:31.283255,-0.03155002685603545,-0.05780196974171957,0.0933873968170277,-0.03097586697593435,-0.037683420192740784,0.08506976607009098,-0.024943108213312845,0.04135510985330607,0.06368008811682284,-2.034952145566775,-8.96573006078197
647251.851333736,4185923.66490753,1521965856.31736,3.5563692003539904,6.915042280112751,2,,,,,,,,,,,,,,,
